sample_id,dataset,language,dialog_id,turn_index,text_length,audio_duration,duration_group,mode,wer,cer,asr_time_ms,error
multiwoz_MUL1353_turn1,multiwoz,en,MUL1353,1,71,5.08,medium,non-streaming,0.1429,0.0735,499.99,
multiwoz_MUL1353_turn1,multiwoz,en,MUL1353,1,71,5.08,medium,streaming,1.0000,1.0000,0.00,asr_no_text
multiwoz_MUL0789_turn1,multiwoz,en,MUL0789,1,80,5.19,medium,non-streaming,0.2000,0.1316,537.31,
multiwoz_MUL0789_turn1,multiwoz,en,MUL0789,1,80,5.19,medium,streaming,1.0000,1.0000,0.00,asr_no_text
crosswoz_11334_turn1,crosswoz,zh,11334,1,26,5.22,medium,non-streaming,0.0870,0.0870,708.22,
crosswoz_11334_turn1,crosswoz,zh,11334,1,26,5.22,medium,streaming,1.0000,1.0000,0.00,asr_no_text
multiwoz_PMUL2034_turn1,multiwoz,en,PMUL2034,1,93,5.22,medium,non-streaming,0.0000,0.0000,575.50,
multiwoz_PMUL2034_turn1,multiwoz,en,PMUL2034,1,93,5.22,medium,streaming,1.0000,1.0000,0.00,asr_no_text
multiwoz_MUL2016_turn1,multiwoz,en,MUL2016,1,75,5.24,medium,non-streaming,0.0667,0.0274,513.32,
multiwoz_MUL2016_turn1,multiwoz,en,MUL2016,1,75,5.24,medium,streaming,1.0000,1.0000,0.00,asr_no_text
crosswoz_9394_turn1,crosswoz,zh,9394,1,26,5.34,medium,non-streaming,0.0000,0.0000,686.77,
crosswoz_9394_turn1,crosswoz,zh,9394,1,26,5.34,medium,streaming,1.0000,1.0000,0.00,asr_no_text
crosswoz_11735_turn1,crosswoz,zh,11735,1,27,5.43,medium,non-streaming,0.0000,0.0000,644.86,
crosswoz_11735_turn1,crosswoz,zh,11735,1,27,5.43,medium,streaming,1.0000,1.0000,0.00,asr_no_text
multiwoz_PMUL0085_turn1,multiwoz,en,PMUL0085,1,88,5.78,medium,non-streaming,0.1667,0.1163,577.55,
multiwoz_PMUL0085_turn1,multiwoz,en,PMUL0085,1,88,5.78,medium,streaming,0.8333,0.7093,631.28,
multiwoz_MUL2157_turn1,multiwoz,en,MUL2157,1,99,5.86,medium,non-streaming,0.4444,0.1031,574.83,
multiwoz_MUL2157_turn1,multiwoz,en,MUL2157,1,99,5.86,medium,streaming,0.8333,0.8454,602.09,
crosswoz_2228_turn1,crosswoz,zh,2228,1,30,5.89,medium,non-streaming,0.0741,0.0741,705.98,
crosswoz_2228_turn1,crosswoz,zh,2228,1,30,5.89,medium,streaming,1.0000,1.0000,0.00,asr_no_text
multiwoz_MUL0176_turn1,multiwoz,en,MUL0176,1,94,5.99,medium,non-streaming,0.0952,0.0215,577.66,
multiwoz_MUL0176_turn1,multiwoz,en,MUL0176,1,94,5.99,medium,streaming,1.0000,1.0000,0.00,asr_no_text
crosswoz_10661_turn1,crosswoz,zh,10661,1,32,6.06,medium,non-streaming,0.0000,0.0000,710.79,
crosswoz_10661_turn1,crosswoz,zh,10661,1,32,6.06,medium,streaming,1.0000,1.0000,0.00,asr_no_text
multiwoz_PMUL0271_turn1,multiwoz,en,PMUL0271,1,100,6.12,medium,non-streaming,0.0500,0.0204,598.98,
multiwoz_PMUL0271_turn1,multiwoz,en,PMUL0271,1,100,6.12,medium,streaming,1.0000,1.0000,0.00,asr_no_text
crosswoz_12315_turn1,crosswoz,zh,12315,1,30,6.13,medium,non-streaming,0.0741,0.0741,657.10,
crosswoz_12315_turn1,crosswoz,zh,12315,1,30,6.13,medium,streaming,1.0000,1.0000,0.00,asr_no_text
multiwoz_PMUL2130_turn1,multiwoz,en,PMUL2130,1,102,6.21,medium,non-streaming,0.0000,0.0000,590.93,
multiwoz_PMUL2130_turn1,multiwoz,en,PMUL2130,1,102,6.21,medium,streaming,0.7895,0.8485,640.22,
crosswoz_10197_turn1,crosswoz,zh,10197,1,33,6.27,medium,non-streaming,0.0000,0.0000,681.74,
crosswoz_10197_turn1,crosswoz,zh,10197,1,33,6.27,medium,streaming,1.0000,1.0000,0.00,asr_no_text
crosswoz_8796_turn1,crosswoz,zh,8796,1,31,6.29,medium,non-streaming,0.0714,0.0714,696.77,
crosswoz_8796_turn1,crosswoz,zh,8796,1,31,6.29,medium,streaming,1.0000,1.0000,0.00,asr_no_text
crosswoz_9956_turn1,crosswoz,zh,9956,1,31,6.29,medium,non-streaming,0.0000,0.0000,684.45,
crosswoz_9956_turn1,crosswoz,zh,9956,1,31,6.29,medium,streaming,1.0000,1.0000,0.00,asr_no_text
multiwoz_MUL1001_turn1,multiwoz,en,MUL1001,1,98,6.41,medium,non-streaming,0.0588,0.0105,595.15,
multiwoz_MUL1001_turn1,multiwoz,en,MUL1001,1,98,6.41,medium,streaming,0.5882,0.5263,683.54,
crosswoz_8707_turn1,crosswoz,zh,8707,1,34,6.44,medium,non-streaming,0.0000,0.0000,749.75,
crosswoz_8707_turn1,crosswoz,zh,8707,1,34,6.44,medium,streaming,1.0000,1.0000,0.00,asr_no_text
multiwoz_MUL0711_turn1,multiwoz,en,MUL0711,1,90,6.48,medium,non-streaming,0.1111,0.0460,562.60,
multiwoz_MUL0711_turn1,multiwoz,en,MUL0711,1,90,6.48,medium,streaming,1.0000,1.0000,0.00,asr_no_text
crosswoz_8436_turn1,crosswoz,zh,8436,1,35,6.51,medium,non-streaming,0.1290,0.1290,720.40,
crosswoz_8436_turn1,crosswoz,zh,8436,1,35,6.51,medium,streaming,0.6774,0.6774,819.83,
crosswoz_7196_turn1,crosswoz,zh,7196,1,35,6.64,medium,non-streaming,0.0323,0.0323,828.23,
crosswoz_7196_turn1,crosswoz,zh,7196,1,35,6.64,medium,streaming,1.0000,1.0000,0.00,asr_no_text
crosswoz_497_turn1,crosswoz,zh,497,1,36,6.85,medium,non-streaming,0.0645,0.0645,716.30,
crosswoz_497_turn1,crosswoz,zh,497,1,36,6.85,medium,streaming,0.5806,0.5806,796.46,
multiwoz_MUL1003_turn1,multiwoz,en,MUL1003,1,102,7.20,medium,non-streaming,0.0000,0.0000,621.67,
multiwoz_MUL1003_turn1,multiwoz,en,MUL1003,1,102,7.20,medium,streaming,0.6316,0.7041,671.62,
crosswoz_11613_turn1,crosswoz,zh,11613,1,36,7.38,medium,non-streaming,0.0968,0.0968,794.97,
crosswoz_11613_turn1,crosswoz,zh,11613,1,36,7.38,medium,streaming,0.6774,0.6774,846.82,
crosswoz_11361_turn1,crosswoz,zh,11361,1,36,7.51,medium,non-streaming,0.0303,0.0303,777.42,
crosswoz_11361_turn1,crosswoz,zh,11361,1,36,7.51,medium,streaming,0.6364,0.6364,866.40,
crosswoz_9200_turn1,crosswoz,zh,9200,1,38,7.62,medium,non-streaming,0.1613,0.1562,770.08,
crosswoz_9200_turn1,crosswoz,zh,9200,1,38,7.62,medium,streaming,0.6774,0.6562,888.72,
multiwoz_PMUL4885_turn2,multiwoz,en,PMUL4885,2,113,7.64,medium,non-streaming,0.1600,0.1101,703.22,
multiwoz_PMUL4885_turn2,multiwoz,en,PMUL4885,2,113,7.64,medium,streaming,0.2000,0.1009,649.33,
crosswoz_8907_turn1,crosswoz,zh,8907,1,39,7.69,medium,non-streaming,0.1212,0.1176,769.12,
crosswoz_8907_turn1,crosswoz,zh,8907,1,39,7.69,medium,streaming,1.0000,1.0000,0.00,asr_no_text
crosswoz_9365_turn1,crosswoz,zh,9365,1,39,7.72,medium,non-streaming,0.0882,0.0882,813.07,
crosswoz_9365_turn1,crosswoz,zh,9365,1,39,7.72,medium,streaming,1.0000,1.0000,0.00,asr_no_text
multiwoz_MUL0641_turn1,multiwoz,en,MUL0641,1,117,7.72,medium,non-streaming,0.0833,0.0614,704.03,
multiwoz_MUL0641_turn1,multiwoz,en,MUL0641,1,117,7.72,medium,streaming,0.5000,0.5702,804.92,
multiwoz_MUL0076_turn1,multiwoz,en,MUL0076,1,116,7.81,medium,non-streaming,0.0909,0.0093,702.01,
multiwoz_MUL0076_turn1,multiwoz,en,MUL0076,1,116,7.81,medium,streaming,0.5455,0.5185,807.48,
crosswoz_9033_turn1,crosswoz,zh,9033,1,39,7.89,medium,non-streaming,0.0000,0.0000,798.05,
crosswoz_9033_turn1,crosswoz,zh,9033,1,39,7.89,medium,streaming,1.0000,1.0000,0.00,asr_no_text
crosswoz_8424_turn1,crosswoz,zh,8424,1,39,7.92,medium,non-streaming,0.0000,0.0000,740.25,
crosswoz_8424_turn1,crosswoz,zh,8424,1,39,7.92,medium,streaming,0.5143,0.5143,879.11,
multiwoz_PMUL2296_turn1,multiwoz,en,PMUL2296,1,137,7.99,medium,non-streaming,0.0000,0.0000,710.80,
multiwoz_PMUL2296_turn1,multiwoz,en,PMUL2296,1,137,7.99,medium,streaming,1.0000,1.0000,0.00,asr_no_text
crosswoz_10296_turn1,crosswoz,zh,10296,1,44,8.28,medium,non-streaming,0.0256,0.0256,800.89,
crosswoz_10296_turn1,crosswoz,zh,10296,1,44,8.28,medium,streaming,1.0000,1.0000,0.00,asr_no_text
crosswoz_10331_turn1,crosswoz,zh,10331,1,44,8.28,medium,non-streaming,0.0250,0.0250,836.71,
crosswoz_10331_turn1,crosswoz,zh,10331,1,44,8.28,medium,streaming,0.7500,0.7500,910.28,
multiwoz_MUL1330_turn1,multiwoz,en,MUL1330,1,147,8.56,medium,non-streaming,0.0357,0.0143,736.22,
multiwoz_MUL1330_turn1,multiwoz,en,MUL1330,1,147,8.56,medium,streaming,1.0000,1.0000,0.00,asr_no_text
crosswoz_8717_turn1,crosswoz,zh,8717,1,42,8.66,medium,non-streaming,0.0833,0.0833,848.70,
crosswoz_8717_turn1,crosswoz,zh,8717,1,42,8.66,medium,streaming,0.6667,0.6667,902.09,
crosswoz_3145_turn1,crosswoz,zh,3145,1,43,8.72,medium,non-streaming,0.1053,0.1053,807.13,
crosswoz_3145_turn1,crosswoz,zh,3145,1,43,8.72,medium,streaming,1.0000,1.0000,0.00,asr_no_text
crosswoz_9138_turn1,crosswoz,zh,9138,1,43,8.73,medium,non-streaming,0.1053,0.1053,832.40,
crosswoz_9138_turn1,crosswoz,zh,9138,1,43,8.73,medium,streaming,0.5263,0.5263,952.07,
crosswoz_11592_turn1,crosswoz,zh,11592,1,42,8.89,medium,non-streaming,0.0270,0.0270,800.61,
crosswoz_11592_turn1,crosswoz,zh,11592,1,42,8.89,medium,streaming,0.5676,0.5676,895.31,
crosswoz_7652_turn1,crosswoz,zh,7652,1,47,9.01,medium,non-streaming,0.0698,0.0698,855.01,
crosswoz_7652_turn1,crosswoz,zh,7652,1,47,9.01,medium,streaming,0.5581,0.5581,950.34,
multiwoz_PMUL3103_turn3,multiwoz,en,PMUL3103,3,357,9.11,medium,non-streaming,0.7761,0.6868,705.69,
multiwoz_PMUL3103_turn3,multiwoz,en,PMUL3103,3,357,9.11,medium,streaming,1.0000,1.0000,0.00,asr_no_text
crosswoz_12011_turn1,crosswoz,zh,12011,1,46,9.14,medium,non-streaming,0.0952,0.0952,873.51,
crosswoz_12011_turn1,crosswoz,zh,12011,1,46,9.14,medium,streaming,0.6190,0.6190,964.56,
crosswoz_1101_turn1,crosswoz,zh,1101,1,44,9.27,medium,non-streaming,0.0263,0.0263,870.46,
crosswoz_1101_turn1,crosswoz,zh,1101,1,44,9.27,medium,streaming,0.7368,0.7368,936.66,
multiwoz_PMUL2319_turn1,multiwoz,en,PMUL2319,1,144,9.27,medium,non-streaming,0.0667,0.0143,761.73,
multiwoz_PMUL2319_turn1,multiwoz,en,PMUL2319,1,144,9.27,medium,streaming,0.1000,0.0214,700.91,
crosswoz_9173_turn1,crosswoz,zh,9173,1,45,9.29,medium,non-streaming,0.0286,0.0541,808.97,
crosswoz_9173_turn1,crosswoz,zh,9173,1,45,9.29,medium,streaming,0.6000,0.6216,907.22,
crosswoz_12298_turn1,crosswoz,zh,12298,1,45,9.36,medium,non-streaming,0.0541,0.0789,914.40,
crosswoz_12298_turn1,crosswoz,zh,12298,1,45,9.36,medium,streaming,0.4865,0.5000,952.91,
multiwoz_MUL0183_turn1,multiwoz,en,MUL0183,1,123,9.36,medium,non-streaming,0.0000,0.0000,705.52,
multiwoz_MUL0183_turn1,multiwoz,en,MUL0183,1,123,9.36,medium,streaming,0.0714,0.0083,598.74,
crosswoz_11406_turn1,crosswoz,zh,11406,1,48,9.55,medium,non-streaming,0.0952,0.0952,882.26,
crosswoz_11406_turn1,crosswoz,zh,11406,1,48,9.55,medium,streaming,0.5476,0.5476,889.35,
crosswoz_10574_turn1,crosswoz,zh,10574,1,46,9.59,medium,non-streaming,0.0244,0.0244,833.72,
crosswoz_10574_turn1,crosswoz,zh,10574,1,46,9.59,medium,streaming,0.5366,0.5366,862.80,
crosswoz_10382_turn1,crosswoz,zh,10382,1,49,9.61,medium,non-streaming,0.0682,0.0682,1050.96,
crosswoz_10382_turn1,crosswoz,zh,10382,1,49,9.61,medium,streaming,0.9545,0.9545,1097.71,
crosswoz_10749_turn1,crosswoz,zh,10749,1,47,9.61,medium,non-streaming,0.0244,0.0244,903.20,
crosswoz_10749_turn1,crosswoz,zh,10749,1,47,9.61,medium,streaming,1.0000,1.0000,0.00,asr_no_text
crosswoz_9080_turn1,crosswoz,zh,9080,1,50,9.96,medium,non-streaming,0.0930,0.0909,951.65,
crosswoz_9080_turn1,crosswoz,zh,9080,1,50,9.96,medium,streaming,1.0000,1.0000,0.00,asr_no_text
crosswoz_11730_turn1,crosswoz,zh,11730,1,52,10.01,medium,non-streaming,0.0222,0.0222,940.85,
crosswoz_11730_turn1,crosswoz,zh,11730,1,52,10.01,medium,streaming,0.0222,0.0444,924.75,
multiwoz_MUL1377_turn1,multiwoz,en,MUL1377,1,159,10.01,medium,non-streaming,0.0333,0.0067,850.96,
multiwoz_MUL1377_turn1,multiwoz,en,MUL1377,1,159,10.01,medium,streaming,0.8333,0.7933,924.26,
multiwoz_PMUL0237_turn2,multiwoz,en,PMUL0237,2,161,10.24,medium,non-streaming,0.2222,0.0701,791.93,
multiwoz_PMUL0237_turn2,multiwoz,en,PMUL0237,2,161,10.24,medium,streaming,0.2963,0.0828,552.10,
crosswoz_9577_turn1,crosswoz,zh,9577,1,51,10.29,medium,non-streaming,0.0444,0.0444,919.19,
crosswoz_9577_turn1,crosswoz,zh,9577,1,51,10.29,medium,streaming,0.0444,0.0667,651.61,
crosswoz_7310_turn1,crosswoz,zh,7310,1,50,10.39,medium,non-streaming,0.1000,0.0976,847.04,
crosswoz_7310_turn1,crosswoz,zh,7310,1,50,10.39,medium,streaming,0.7250,0.7317,925.75,
crosswoz_7701_turn1,crosswoz,zh,7701,1,52,10.63,medium,non-streaming,0.0000,0.0222,954.01,
crosswoz_7701_turn1,crosswoz,zh,7701,1,52,10.63,medium,streaming,1.0000,1.0000,0.00,asr_no_text
crosswoz_10040_turn1,crosswoz,zh,10040,1,53,10.69,medium,non-streaming,0.0682,0.0667,1005.56,
crosswoz_10040_turn1,crosswoz,zh,10040,1,53,10.69,medium,streaming,0.5682,0.5556,1113.05,
crosswoz_11248_turn1,crosswoz,zh,11248,1,56,10.76,medium,non-streaming,0.0000,0.0000,917.63,
crosswoz_11248_turn1,crosswoz,zh,11248,1,56,10.76,medium,streaming,0.4490,0.4490,964.62,
multiwoz_PMUL2590_turn2,multiwoz,en,PMUL2590,2,144,10.81,medium,non-streaming,0.2593,0.1799,837.76,
multiwoz_PMUL2590_turn2,multiwoz,en,PMUL2590,2,144,10.81,medium,streaming,0.5556,0.4604,889.73,
crosswoz_962_turn1,crosswoz,zh,962,1,54,11.01,medium,non-streaming,0.0833,0.0833,966.90,
crosswoz_962_turn1,crosswoz,zh,962,1,54,11.01,medium,streaming,0.6667,0.6667,1073.14,
crosswoz_9275_turn1,crosswoz,zh,9275,1,54,11.09,medium,non-streaming,0.0800,0.0800,1013.99,
crosswoz_9275_turn1,crosswoz,zh,9275,1,54,11.09,medium,streaming,0.5000,0.5000,1066.11,
multiwoz_MUL1332_turn2,multiwoz,en,MUL1332,2,170,11.09,medium,non-streaming,0.1290,0.0368,841.41,
multiwoz_MUL1332_turn2,multiwoz,en,MUL1332,2,170,11.09,medium,streaming,0.1613,0.0429,680.26,
crosswoz_12299_turn1,crosswoz,zh,12299,1,54,11.21,medium,non-streaming,0.0417,0.0417,1042.45,
crosswoz_12299_turn1,crosswoz,zh,12299,1,54,11.21,medium,streaming,0.5208,0.5208,1041.80,
multiwoz_MUL1320_turn2,multiwoz,en,MUL1320,2,165,11.34,medium,non-streaming,0.1562,0.0443,896.15,
multiwoz_MUL1320_turn2,multiwoz,en,MUL1320,2,165,11.34,medium,streaming,0.1562,0.0443,614.98,
crosswoz_11893_turn1,crosswoz,zh,11893,1,58,11.67,medium,non-streaming,0.0189,0.0189,975.61,
crosswoz_11893_turn1,crosswoz,zh,11893,1,58,11.67,medium,streaming,0.0189,0.0377,866.18,
multiwoz_MUL1203_turn2,multiwoz,en,MUL1203,2,188,12.33,medium,non-streaming,0.2000,0.0328,896.53,
multiwoz_MUL1203_turn2,multiwoz,en,MUL1203,2,188,12.33,medium,streaming,0.2571,0.0383,595.75,
multiwoz_PMUL1904_turn2,multiwoz,en,PMUL1904,2,172,12.33,medium,non-streaming,0.0606,0.0539,907.14,
multiwoz_PMUL1904_turn2,multiwoz,en,PMUL1904,2,172,12.33,medium,streaming,0.0909,0.0479,703.33,
multiwoz_MUL0176_turn2,multiwoz,en,MUL0176,2,195,12.39,medium,non-streaming,0.0263,0.0211,968.54,
multiwoz_MUL0176_turn2,multiwoz,en,MUL0176,2,195,12.39,medium,streaming,0.0789,0.0316,629.25,
multiwoz_MUL0874_turn2,multiwoz,en,MUL0874,2,190,12.84,medium,non-streaming,0.0278,0.0162,905.00,
multiwoz_MUL0874_turn2,multiwoz,en,MUL0874,2,190,12.84,medium,streaming,0.0833,0.0216,511.61,
multiwoz_MUL0023_turn2,multiwoz,en,MUL0023,2,194,12.95,medium,non-streaming,0.2000,0.1058,908.86,
multiwoz_MUL0023_turn2,multiwoz,en,MUL0023,2,194,12.95,medium,streaming,0.2571,0.1005,647.37,
multiwoz_PMUL0085_turn2,multiwoz,en,PMUL0085,2,186,13.02,medium,non-streaming,0.0571,0.0726,933.29,
multiwoz_PMUL0085_turn2,multiwoz,en,PMUL0085,2,186,13.02,medium,streaming,0.0857,0.0782,759.37,
crosswoz_9956_turn2,crosswoz,zh,9956,2,62,13.25,medium,non-streaming,0.0385,0.0741,1204.59,
crosswoz_9956_turn2,crosswoz,zh,9956,2,62,13.25,medium,streaming,0.0192,0.0741,824.35,
multiwoz_MUL2018_turn2,multiwoz,en,MUL2018,2,192,13.36,medium,non-streaming,0.1351,0.0914,977.10,
multiwoz_MUL2018_turn2,multiwoz,en,MUL2018,2,192,13.36,medium,streaming,0.1892,0.1022,1079.72,
multiwoz_MUL0193_turn2,multiwoz,en,MUL0193,2,231,13.56,medium,non-streaming,0.1250,0.0221,935.57,
multiwoz_MUL0193_turn2,multiwoz,en,MUL0193,2,231,13.56,medium,streaming,0.1750,0.0265,738.29,
multiwoz_PMUL4031_turn2,multiwoz,en,PMUL4031,2,196,13.77,medium,non-streaming,0.0571,0.0106,904.85,
multiwoz_PMUL4031_turn2,multiwoz,en,PMUL4031,2,196,13.77,medium,streaming,0.1143,0.0160,518.42,
multiwoz_PMUL4254_turn2,multiwoz,en,PMUL4254,2,198,14.01,medium,non-streaming,0.3333,0.1640,1115.44,
multiwoz_PMUL4254_turn2,multiwoz,en,PMUL4254,2,198,14.01,medium,streaming,0.3077,0.1429,889.90,
multiwoz_MUL1027_turn2,multiwoz,en,MUL1027,2,187,14.05,medium,non-streaming,0.1429,0.0383,890.90,
multiwoz_MUL1027_turn2,multiwoz,en,MUL1027,2,187,14.05,medium,streaming,0.6857,0.6230,921.45,
crosswoz_9138_turn2,crosswoz,zh,9138,2,70,14.08,medium,non-streaming,0.0820,0.1111,1184.05,
crosswoz_9138_turn2,crosswoz,zh,9138,2,70,14.08,medium,streaming,0.0984,0.0952,665.59,
multiwoz_PMUL0322_turn2,multiwoz,en,PMUL0322,2,186,14.14,medium,non-streaming,0.2432,0.0833,956.73,
multiwoz_PMUL0322_turn2,multiwoz,en,PMUL0322,2,186,14.14,medium,streaming,0.2973,0.1000,639.27,
multiwoz_PMUL0271_turn2,multiwoz,en,PMUL0271,2,237,14.26,medium,non-streaming,0.0638,0.0130,1077.39,
multiwoz_PMUL0271_turn2,multiwoz,en,PMUL0271,2,237,14.26,medium,streaming,0.1064,0.0173,516.83,
multiwoz_PMUL1745_turn2,multiwoz,en,PMUL1745,2,226,14.40,medium,non-streaming,0.0909,0.0181,1014.26,
multiwoz_PMUL1745_turn2,multiwoz,en,PMUL1745,2,226,14.40,medium,streaming,0.8182,0.7149,1054.81,
multiwoz_MUL1003_turn2,multiwoz,en,MUL1003,2,213,14.78,medium,non-streaming,0.0000,0.0000,985.93,
multiwoz_MUL1003_turn2,multiwoz,en,MUL1003,2,213,14.78,medium,streaming,0.0500,0.0048,666.55,
multiwoz_MUL0069_turn2,multiwoz,en,MUL0069,2,208,14.94,medium,non-streaming,0.1364,0.1244,1102.62,
multiwoz_MUL0069_turn2,multiwoz,en,MUL0069,2,208,14.94,medium,streaming,0.2273,0.1393,1047.75,
multiwoz_MUL1152_turn2,multiwoz,en,MUL1152,2,185,15.05,long,non-streaming,0.1818,0.0608,994.50,
multiwoz_MUL1152_turn2,multiwoz,en,MUL1152,2,185,15.05,long,streaming,0.1818,0.0939,784.76,
multiwoz_PMUL2936_turn2,multiwoz,en,PMUL2936,2,208,15.34,long,non-streaming,0.0500,0.0100,994.49,
multiwoz_PMUL2936_turn2,multiwoz,en,PMUL2936,2,208,15.34,long,streaming,0.6750,0.6766,1010.46,
crosswoz_11613_turn2,crosswoz,zh,11613,2,70,15.39,long,non-streaming,0.0678,0.0984,1363.77,
crosswoz_11613_turn2,crosswoz,zh,11613,2,70,15.39,long,streaming,0.0508,0.0492,869.93,
multiwoz_MUL0084_turn2,multiwoz,en,MUL0084,2,199,15.44,long,non-streaming,0.2927,0.1451,1097.71,
multiwoz_MUL0084_turn2,multiwoz,en,MUL0084,2,199,15.44,long,streaming,0.2927,0.1451,813.33,
multiwoz_PMUL2130_turn2,multiwoz,en,PMUL2130,2,207,15.46,long,non-streaming,0.1842,0.0660,1324.67,
multiwoz_PMUL2130_turn2,multiwoz,en,PMUL2130,2,207,15.46,long,streaming,0.2105,0.0761,527.53,
multiwoz_MUL2174_turn2,multiwoz,en,MUL2174,2,207,15.53,long,non-streaming,0.1622,0.0650,962.28,
multiwoz_MUL2174_turn2,multiwoz,en,MUL2174,2,207,15.53,long,streaming,0.1622,0.0550,742.62,
multiwoz_PMUL0460_turn2,multiwoz,en,PMUL0460,2,208,15.57,long,non-streaming,0.3256,0.1535,1075.22,
multiwoz_PMUL0460_turn2,multiwoz,en,PMUL0460,2,208,15.57,long,streaming,0.3721,0.1535,776.96,
crosswoz_11735_turn2,crosswoz,zh,11735,2,75,15.85,long,non-streaming,0.0441,0.0714,1612.58,
crosswoz_11735_turn2,crosswoz,zh,11735,2,75,15.85,long,streaming,0.0441,0.0714,735.80,
multiwoz_PMUL4612_turn2,multiwoz,en,PMUL4612,2,253,15.92,long,non-streaming,0.0392,0.0122,1135.87,
multiwoz_PMUL4612_turn2,multiwoz,en,PMUL4612,2,253,15.92,long,streaming,0.3137,0.3008,1216.04,
multiwoz_MUL0076_turn2,multiwoz,en,MUL0076,2,248,16.02,long,non-streaming,0.0667,0.0169,1167.68,
multiwoz_MUL0076_turn2,multiwoz,en,MUL0076,2,248,16.02,long,streaming,0.1111,0.0212,722.32,
crosswoz_9200_turn2,crosswoz,zh,9200,2,80,16.20,long,non-streaming,0.1194,0.1429,1333.93,
crosswoz_9200_turn2,crosswoz,zh,9200,2,80,16.20,long,streaming,0.0896,0.0857,831.35,
multiwoz_PMUL3103_turn2,multiwoz,en,PMUL3103,2,195,16.74,long,non-streaming,0.2683,0.2042,1071.36,
multiwoz_PMUL3103_turn2,multiwoz,en,PMUL3103,2,195,16.74,long,streaming,0.6585,0.6545,1185.78,
multiwoz_MUL2016_turn2,multiwoz,en,MUL2016,2,231,16.75,long,non-streaming,0.1522,0.0673,1001.45,
multiwoz_MUL2016_turn2,multiwoz,en,MUL2016,2,231,16.75,long,streaming,0.2174,0.0673,714.85,
crosswoz_12315_turn2,crosswoz,zh,12315,2,85,16.93,long,non-streaming,0.0667,0.0909,1708.92,
crosswoz_12315_turn2,crosswoz,zh,12315,2,85,16.93,long,streaming,0.6667,0.6753,1460.02,
crosswoz_9365_turn2,crosswoz,zh,9365,2,87,16.93,long,non-streaming,0.0423,0.0676,1339.67,
crosswoz_9365_turn2,crosswoz,zh,9365,2,87,16.93,long,streaming,0.0845,0.0811,906.32,
multiwoz_PMUL0237_turn3,multiwoz,en,PMUL0237,3,238,16.98,long,non-streaming,0.2439,0.0736,1460.11,
multiwoz_PMUL0237_turn3,multiwoz,en,PMUL0237,3,238,16.98,long,streaming,0.1951,0.0563,706.93,
multiwoz_PMUL2319_turn2,multiwoz,en,PMUL2319,2,278,17.02,long,non-streaming,0.0345,0.0149,1194.18,
multiwoz_PMUL2319_turn2,multiwoz,en,PMUL2319,2,278,17.02,long,streaming,0.0690,0.0186,1061.42,
multiwoz_PMUL4499_turn2,multiwoz,en,PMUL4499,2,238,17.09,long,non-streaming,0.1860,0.0388,986.42,
multiwoz_PMUL4499_turn2,multiwoz,en,PMUL4499,2,238,17.09,long,streaming,0.1860,0.0345,746.39,
multiwoz_MUL1031_turn2,multiwoz,en,MUL1031,2,243,17.12,long,non-streaming,0.1395,0.0759,1109.89,
multiwoz_MUL1031_turn2,multiwoz,en,MUL1031,2,243,17.12,long,streaming,0.1163,0.0380,662.46,
crosswoz_8717_turn2,crosswoz,zh,8717,2,88,17.28,long,non-streaming,0.0533,0.0779,1516.11,
crosswoz_8717_turn2,crosswoz,zh,8717,2,88,17.28,long,streaming,0.0533,0.0909,950.85,
crosswoz_9394_turn2,crosswoz,zh,9394,2,77,17.37,long,non-streaming,0.1429,0.1667,1509.76,
crosswoz_9394_turn2,crosswoz,zh,9394,2,77,17.37,long,streaming,0.1143,0.1389,698.35,
multiwoz_MUL1001_turn2,multiwoz,en,MUL1001,2,245,17.38,long,non-streaming,0.1522,0.0588,1196.48,
multiwoz_MUL1001_turn2,multiwoz,en,MUL1001,2,245,17.38,long,streaming,0.2174,0.1092,1004.24,
multiwoz_MUL1320_turn3,multiwoz,en,MUL1320,3,244,17.44,long,non-streaming,0.1042,0.0342,1172.61,
multiwoz_MUL1320_turn3,multiwoz,en,MUL1320,3,244,17.44,long,streaming,0.1875,0.0470,624.39,
multiwoz_MUL1191_turn2,multiwoz,en,MUL1191,2,248,17.54,long,non-streaming,0.2549,0.1066,1171.29,
multiwoz_MUL1191_turn2,multiwoz,en,MUL1191,2,248,17.54,long,streaming,0.2549,0.1025,1076.92,
crosswoz_10382_turn2,crosswoz,zh,10382,2,87,17.61,long,non-streaming,0.0658,0.0897,1476.58,
crosswoz_10382_turn2,crosswoz,zh,10382,2,87,17.61,long,streaming,0.0658,0.0897,670.91,
crosswoz_7310_turn2,crosswoz,zh,7310,2,89,17.80,long,non-streaming,0.1096,0.1316,1510.47,
crosswoz_7310_turn2,crosswoz,zh,7310,2,89,17.80,long,streaming,0.0959,0.1053,1287.17,
crosswoz_10661_turn2,crosswoz,zh,10661,2,92,18.02,long,non-streaming,0.0375,0.0610,1586.72,
crosswoz_10661_turn2,crosswoz,zh,10661,2,92,18.02,long,streaming,0.5375,0.5488,1688.74,
crosswoz_7701_turn2,crosswoz,zh,7701,2,90,18.11,long,non-streaming,0.0400,0.0641,1473.28,
crosswoz_7701_turn2,crosswoz,zh,7701,2,90,18.11,long,streaming,0.0400,0.0513,899.25,
crosswoz_9956_turn3,crosswoz,zh,9956,3,83,18.11,long,non-streaming,0.0145,0.0685,1531.26,
crosswoz_9956_turn3,crosswoz,zh,9956,3,83,18.11,long,streaming,0.0145,0.0411,577.55,
crosswoz_8424_turn2,crosswoz,zh,8424,2,89,18.34,long,non-streaming,0.0260,0.0506,1467.13,
crosswoz_8424_turn2,crosswoz,zh,8424,2,89,18.34,long,streaming,0.0260,0.0380,897.41,
multiwoz_MUL1459_turn2,multiwoz,en,MUL1459,2,285,18.38,long,non-streaming,0.1034,0.0288,1504.45,
multiwoz_MUL1459_turn2,multiwoz,en,MUL1459,2,285,18.38,long,streaming,0.1034,0.0288,793.87,
multiwoz_PMUL2175_turn2,multiwoz,en,PMUL2175,2,289,18.65,long,non-streaming,0.2000,0.1107,1152.72,
multiwoz_PMUL2175_turn2,multiwoz,en,PMUL2175,2,289,18.65,long,streaming,0.1800,0.1179,919.70,
crosswoz_11406_turn2,crosswoz,zh,11406,2,92,18.89,long,non-streaming,0.0886,0.1111,1429.63,
crosswoz_11406_turn2,crosswoz,zh,11406,2,92,18.89,long,streaming,0.0886,0.0988,637.48,
multiwoz_MUL2157_turn2,multiwoz,en,MUL2157,2,269,18.92,long,non-streaming,0.3077,0.1303,1340.06,
multiwoz_MUL2157_turn2,multiwoz,en,MUL2157,2,269,18.92,long,streaming,0.3077,0.1264,876.44,
multiwoz_MUL1330_turn2,multiwoz,en,MUL1330,2,302,18.99,long,non-streaming,0.0727,0.0445,1253.87,
multiwoz_MUL1330_turn2,multiwoz,en,MUL1330,2,302,18.99,long,streaming,0.5636,0.5205,1302.79,
crosswoz_497_turn2,crosswoz,zh,497,2,98,19.02,long,non-streaming,0.0471,0.0690,1669.19,
crosswoz_497_turn2,crosswoz,zh,497,2,98,19.02,long,streaming,0.0706,0.0805,1471.82,
crosswoz_10197_turn2,crosswoz,zh,10197,2,98,19.05,long,non-streaming,0.0361,0.0588,1604.33,
crosswoz_10197_turn2,crosswoz,zh,10197,2,98,19.05,long,streaming,0.3855,0.4000,1719.61,
crosswoz_962_turn2,crosswoz,zh,962,2,93,19.21,long,non-streaming,0.0610,0.0833,1499.08,
crosswoz_962_turn2,crosswoz,zh,962,2,93,19.21,long,streaming,0.0732,0.0833,870.15,
multiwoz_MUL1003_turn3,multiwoz,en,MUL1003,3,297,19.24,long,non-streaming,0.0000,0.0000,1294.24,
multiwoz_MUL1003_turn3,multiwoz,en,MUL1003,3,297,19.24,long,streaming,0.0508,0.0104,725.39,
crosswoz_2228_turn2,crosswoz,zh,2228,2,93,19.46,long,non-streaming,0.0617,0.0843,1598.47,
crosswoz_2228_turn2,crosswoz,zh,2228,2,93,19.46,long,streaming,0.0864,0.1205,794.47,
crosswoz_10574_turn2,crosswoz,zh,10574,2,93,19.47,long,non-streaming,0.0610,0.0833,1483.56,
crosswoz_10574_turn2,crosswoz,zh,10574,2,93,19.47,long,streaming,0.0610,0.0833,1122.26,
crosswoz_422_turn2,crosswoz,zh,422,2,98,19.48,long,non-streaming,0.0471,0.0690,1582.53,
crosswoz_422_turn2,crosswoz,zh,422,2,98,19.48,long,streaming,0.0353,0.0690,1118.98,
multiwoz_MUL0789_turn2,multiwoz,en,MUL0789,2,256,19.52,long,non-streaming,0.1765,0.0766,1310.16,
multiwoz_MUL0789_turn2,multiwoz,en,MUL0789,2,256,19.52,long,streaming,0.2157,0.0927,735.98,
multiwoz_PMUL0322_turn3,multiwoz,en,PMUL0322,3,283,19.80,long,non-streaming,0.1455,0.0625,1326.73,
multiwoz_PMUL0322_turn3,multiwoz,en,PMUL0322,3,283,19.80,long,streaming,0.2182,0.0735,650.90,
multiwoz_MUL0711_turn2,multiwoz,en,MUL0711,2,262,19.82,long,non-streaming,0.1071,0.0235,1198.35,
multiwoz_MUL0711_turn2,multiwoz,en,MUL0711,2,262,19.82,long,streaming,0.1071,0.0353,897.77,
crosswoz_7196_turn2,crosswoz,zh,7196,2,102,19.83,long,non-streaming,0.0870,0.1064,1706.06,
crosswoz_7196_turn2,crosswoz,zh,7196,2,102,19.83,long,streaming,0.4022,0.4149,1788.52,
multiwoz_MUL0666_turn2,multiwoz,en,MUL0666,2,284,19.86,long,non-streaming,0.2000,0.0618,1245.76,
multiwoz_MUL0666_turn2,multiwoz,en,MUL0666,2,284,19.86,long,streaming,0.2364,0.0655,927.06,
multiwoz_MUL0641_turn2,multiwoz,en,MUL0641,2,299,20.17,long,non-streaming,0.1250,0.0379,1378.29,
multiwoz_MUL0641_turn2,multiwoz,en,MUL0641,2,299,20.17,long,streaming,0.5179,0.4207,1458.44,
crosswoz_1101_turn2,crosswoz,zh,1101,2,94,20.52,long,non-streaming,0.0759,0.0988,1732.21,
crosswoz_1101_turn2,crosswoz,zh,1101,2,94,20.52,long,streaming,0.0886,0.1235,722.17,
multiwoz_PMUL0237_turn4,multiwoz,en,PMUL0237,4,323,20.55,long,non-streaming,0.1379,0.0351,1445.69,
multiwoz_PMUL0237_turn4,multiwoz,en,PMUL0237,4,323,20.55,long,streaming,0.5172,0.5112,1516.49,
crosswoz_8707_turn2,crosswoz,zh,8707,2,96,20.62,long,non-streaming,0.0000,0.0227,1595.26,
crosswoz_8707_turn2,crosswoz,zh,8707,2,96,20.62,long,streaming,0.3488,0.3636,1687.66,
crosswoz_8907_turn2,crosswoz,zh,8907,2,108,20.70,long,non-streaming,0.0645,0.0833,1678.44,
crosswoz_8907_turn2,crosswoz,zh,8907,2,108,20.70,long,streaming,0.3548,0.3750,1817.92,
multiwoz_MUL1215_turn2,multiwoz,en,MUL1215,2,220,20.93,long,non-streaming,0.3571,0.1193,1279.45,
multiwoz_MUL1215_turn2,multiwoz,en,MUL1215,2,220,20.93,long,streaming,0.5952,0.3670,1348.33,
multiwoz_MUL1353_turn2,multiwoz,en,MUL1353,2,289,21.07,long,non-streaming,0.2885,0.0929,1338.85,
multiwoz_MUL1353_turn2,multiwoz,en,MUL1353,2,289,21.07,long,streaming,0.3077,0.0821,875.73,
multiwoz_PMUL2590_turn3,multiwoz,en,PMUL2590,3,294,21.14,long,non-streaming,0.2407,0.1719,1325.49,
multiwoz_PMUL2590_turn3,multiwoz,en,PMUL2590,3,294,21.14,long,streaming,0.2407,0.1649,817.88,
crosswoz_11334_turn2,crosswoz,zh,11334,2,103,21.25,long,non-streaming,0.0455,0.0667,1806.26,
crosswoz_11334_turn2,crosswoz,zh,11334,2,103,21.25,long,streaming,0.0341,0.0778,1177.34,
crosswoz_10749_turn2,crosswoz,zh,10749,2,103,21.50,long,non-streaming,0.0110,0.0323,1737.47,
crosswoz_10749_turn2,crosswoz,zh,10749,2,103,21.50,long,streaming,0.0110,0.0538,1150.34,
multiwoz_PMUL2296_turn2,multiwoz,en,PMUL2296,2,326,21.51,long,non-streaming,0.0308,0.0255,1524.44,
multiwoz_PMUL2296_turn2,multiwoz,en,PMUL2296,2,326,21.51,long,streaming,0.0615,0.0287,797.67,
crosswoz_9577_turn2,crosswoz,zh,9577,2,109,21.77,long,non-streaming,0.0105,0.0309,1677.13,
crosswoz_9577_turn2,crosswoz,zh,9577,2,109,21.77,long,streaming,0.0316,0.0619,1007.13,
crosswoz_9173_turn2,crosswoz,zh,9173,2,110,22.05,long,non-streaming,0.0220,0.0526,1600.87,
crosswoz_9173_turn2,crosswoz,zh,9173,2,110,22.05,long,streaming,0.0220,0.0526,1229.19,
multiwoz_MUL0176_turn3,multiwoz,en,MUL0176,3,360,22.07,long,non-streaming,0.1176,0.0344,1453.90,
multiwoz_MUL0176_turn3,multiwoz,en,MUL0176,3,360,22.07,long,streaming,0.1029,0.0315,1133.80,
multiwoz_MUL0084_turn3,multiwoz,en,MUL0084,3,285,22.15,long,non-streaming,0.2500,0.1209,1426.66,
multiwoz_MUL0084_turn3,multiwoz,en,MUL0084,3,285,22.15,long,streaming,0.3929,0.1575,789.24,
crosswoz_11730_turn2,crosswoz,zh,11730,2,112,22.45,long,non-streaming,0.1398,0.1579,1769.42,
crosswoz_11730_turn2,crosswoz,zh,11730,2,112,22.45,long,streaming,0.1505,0.1789,985.22,
crosswoz_10331_turn2,crosswoz,zh,10331,2,113,22.48,long,non-streaming,0.0408,0.0600,1689.82,
crosswoz_10331_turn2,crosswoz,zh,10331,2,113,22.48,long,streaming,0.0408,0.0800,1007.85,
multiwoz_MUL1332_turn3,multiwoz,en,MUL1332,3,286,22.52,long,non-streaming,0.3750,0.1920,1510.62,
multiwoz_MUL1332_turn3,multiwoz,en,MUL1332,3,286,22.52,long,streaming,0.3571,0.1884,1110.89,
multiwoz_PMUL1904_turn3,multiwoz,en,PMUL1904,3,293,22.54,long,non-streaming,0.1404,0.0986,1425.94,
multiwoz_PMUL1904_turn3,multiwoz,en,PMUL1904,3,293,22.54,long,streaming,0.1754,0.1092,803.06,
multiwoz_PMUL1745_turn3,multiwoz,en,PMUL1745,3,314,22.56,long,non-streaming,0.1429,0.0623,1399.62,
multiwoz_PMUL1745_turn3,multiwoz,en,PMUL1745,3,314,22.56,long,streaming,0.1587,0.0689,682.54,
multiwoz_MUL2018_turn3,multiwoz,en,MUL2018,3,323,22.81,long,non-streaming,0.1695,0.0732,1396.88,
multiwoz_MUL2018_turn3,multiwoz,en,MUL2018,3,323,22.81,long,streaming,0.2034,0.0764,752.62,
crosswoz_98_turn2,crosswoz,zh,98,2,104,22.87,long,non-streaming,0.1023,0.1222,1814.75,
crosswoz_98_turn2,crosswoz,zh,98,2,104,22.87,long,streaming,0.1250,0.1667,714.14,
crosswoz_10040_turn2,crosswoz,zh,10040,2,112,22.91,long,non-streaming,0.0515,0.0700,1804.97,
crosswoz_10040_turn2,crosswoz,zh,10040,2,112,22.91,long,streaming,0.0515,0.1000,854.30,
multiwoz_MUL0183_turn2,multiwoz,en,MUL0183,2,343,23.18,long,non-streaming,0.0580,0.0119,1434.64,
multiwoz_MUL0183_turn2,multiwoz,en,MUL0183,2,343,23.18,long,streaming,0.0870,0.0148,614.24,
multiwoz_PMUL2034_turn2,multiwoz,en,PMUL2034,2,348,23.42,long,non-streaming,0.1970,0.0444,1414.66,
multiwoz_PMUL2034_turn2,multiwoz,en,PMUL2034,2,348,23.42,long,streaming,0.2424,0.0503,1084.54,
multiwoz_MUL0874_turn3,multiwoz,en,MUL0874,3,344,23.46,long,non-streaming,0.2333,0.0843,1769.49,
multiwoz_MUL0874_turn3,multiwoz,en,MUL0874,3,344,23.46,long,streaming,0.2667,0.0904,1105.61,
multiwoz_PMUL4612_turn3,multiwoz,en,PMUL4612,3,362,23.52,long,non-streaming,0.0139,0.0057,1535.59,
multiwoz_PMUL4612_turn3,multiwoz,en,PMUL4612,3,362,23.52,long,streaming,0.0417,0.0085,805.85,
crosswoz_11361_turn2,crosswoz,zh,11361,2,120,23.64,long,non-streaming,0.0463,0.0636,1976.25,
crosswoz_11361_turn2,crosswoz,zh,11361,2,120,23.64,long,streaming,0.0463,0.0636,1437.06,
multiwoz_PMUL2936_turn3,multiwoz,en,PMUL2936,3,329,23.88,long,non-streaming,0.2833,0.1258,1491.38,
multiwoz_PMUL2936_turn3,multiwoz,en,PMUL2936,3,329,23.88,long,streaming,0.2667,0.1447,1436.10,
multiwoz_PMUL0085_turn3,multiwoz,en,PMUL0085,3,321,24.01,long,non-streaming,0.2656,0.0977,1286.89,
multiwoz_PMUL0085_turn3,multiwoz,en,PMUL0085,3,321,24.01,long,streaming,0.2500,0.1010,942.10,
crosswoz_11613_turn3,crosswoz,zh,11613,3,112,24.09,long,non-streaming,0.0549,0.1224,1889.71,
crosswoz_11613_turn3,crosswoz,zh,11613,3,112,24.09,long,streaming,0.0659,0.0918,629.57,
crosswoz_8202_turn2,crosswoz,zh,8202,2,117,24.22,long,non-streaming,0.0707,0.0891,1804.41,
crosswoz_8202_turn2,crosswoz,zh,8202,2,117,24.22,long,streaming,0.0707,0.1089,1073.07,
multiwoz_PMUL4499_turn3,multiwoz,en,PMUL4499,3,433,24.29,long,non-streaming,0.2400,0.1754,1720.51,
multiwoz_PMUL4499_turn3,multiwoz,en,PMUL4499,3,433,24.29,long,streaming,0.2533,0.1659,557.18,
multiwoz_PMUL4885_turn3,multiwoz,en,PMUL4885,3,331,24.40,long,non-streaming,0.2429,0.0981,1588.78,
multiwoz_PMUL4885_turn3,multiwoz,en,PMUL4885,3,331,24.40,long,streaming,0.2714,0.1013,1130.08,
crosswoz_12298_turn2,crosswoz,zh,12298,2,122,24.58,long,non-streaming,0.0094,0.0367,1830.05,
crosswoz_12298_turn2,crosswoz,zh,12298,2,122,24.58,long,streaming,0.0283,0.0734,1124.23,
multiwoz_MUL0183_turn3,multiwoz,en,MUL0183,3,439,24.71,long,non-streaming,0.1591,0.0843,1673.98,
multiwoz_MUL0183_turn3,multiwoz,en,MUL0183,3,439,24.71,long,streaming,0.1705,0.0843,1213.63,
multiwoz_MUL1203_turn3,multiwoz,en,MUL1203,3,405,25.05,long,non-streaming,0.1351,0.0405,1618.54,
multiwoz_MUL1203_turn3,multiwoz,en,MUL1203,3,405,25.05,long,streaming,0.1892,0.0481,869.17,
crosswoz_9033_turn2,crosswoz,zh,9033,2,119,25.30,long,non-streaming,0.0571,0.0748,2188.99,
crosswoz_9033_turn2,crosswoz,zh,9033,2,119,25.30,long,streaming,0.0476,0.1028,831.80,
multiwoz_MUL1191_turn3,multiwoz,en,MUL1191,3,372,25.46,long,non-streaming,0.1688,0.0852,1722.18,
multiwoz_MUL1191_turn3,multiwoz,en,MUL1191,3,372,25.46,long,streaming,0.1688,0.0824,1578.66,
multiwoz_MUL2174_turn3,multiwoz,en,MUL2174,3,302,25.60,long,non-streaming,0.1754,0.0959,1709.99,
multiwoz_MUL2174_turn3,multiwoz,en,MUL2174,3,302,25.60,long,streaming,0.2105,0.0890,671.35,
crosswoz_497_turn3,crosswoz,zh,497,3,131,25.65,long,non-streaming,0.0446,0.0776,2015.27,
crosswoz_497_turn3,crosswoz,zh,497,3,131,25.65,long,streaming,0.0536,0.0862,610.47,
crosswoz_11406_turn3,crosswoz,zh,11406,3,128,25.67,long,non-streaming,0.0561,0.0901,2042.27,
crosswoz_11406_turn3,crosswoz,zh,11406,3,128,25.67,long,streaming,0.0654,0.0811,657.74,
crosswoz_12299_turn2,crosswoz,zh,12299,2,122,25.69,long,non-streaming,0.0280,0.0459,2021.33,
crosswoz_12299_turn2,crosswoz,zh,12299,2,122,25.69,long,streaming,0.0374,0.0642,1007.08,
crosswoz_3145_turn2,crosswoz,zh,3145,2,123,25.75,long,non-streaming,0.0364,0.0536,2147.26,
crosswoz_3145_turn2,crosswoz,zh,3145,2,123,25.75,long,streaming,0.0455,0.0804,1385.26,
crosswoz_9365_turn3,crosswoz,zh,9365,3,137,25.87,long,non-streaming,0.0708,0.1017,1999.04,
crosswoz_9365_turn3,crosswoz,zh,9365,3,137,25.87,long,streaming,0.0973,0.1271,603.57,
crosswoz_10382_turn3,crosswoz,zh,10382,3,138,26.17,long,non-streaming,0.0504,0.0813,2090.32,
crosswoz_10382_turn3,crosswoz,zh,10382,3,138,26.17,long,streaming,0.1008,0.1301,908.44,
multiwoz_PMUL4031_turn3,multiwoz,en,PMUL4031,3,391,26.30,long,non-streaming,0.0286,0.0053,1747.64,
multiwoz_PMUL4031_turn3,multiwoz,en,PMUL4031,3,391,26.30,long,streaming,0.0714,0.0187,810.84,
multiwoz_PMUL4254_turn3,multiwoz,en,PMUL4254,3,337,26.49,long,non-streaming,0.2537,0.1242,1693.50,
multiwoz_PMUL4254_turn3,multiwoz,en,PMUL4254,3,337,26.49,long,streaming,0.2836,0.1304,854.27,
crosswoz_8424_turn3,crosswoz,zh,8424,3,182,26.51,long,non-streaming,0.3007,0.3270,2078.90,
crosswoz_8424_turn3,crosswoz,zh,8424,3,182,26.51,long,streaming,0.3333,0.3711,1402.41,
crosswoz_8672_turn2,crosswoz,zh,8672,2,125,26.59,long,non-streaming,0.0841,0.1009,2074.93,
crosswoz_8672_turn2,crosswoz,zh,8672,2,125,26.59,long,streaming,0.0935,0.1468,638.19,
multiwoz_PMUL0460_turn3,multiwoz,en,PMUL0460,3,353,26.62,long,non-streaming,0.2958,0.1108,1717.47,
multiwoz_PMUL0460_turn3,multiwoz,en,PMUL0460,3,353,26.62,long,streaming,0.3239,0.1108,664.67,
crosswoz_10296_turn2,crosswoz,zh,10296,2,121,26.67,long,non-streaming,0.0185,0.0364,2072.50,
crosswoz_10296_turn2,crosswoz,zh,10296,2,121,26.67,long,streaming,0.0278,0.0636,822.44,
crosswoz_8707_turn3,crosswoz,zh,8707,3,161,26.68,long,non-streaming,0.2535,0.2789,2043.68,
crosswoz_8707_turn3,crosswoz,zh,8707,3,161,26.68,long,streaming,0.2535,0.2789,850.36,
multiwoz_MUL1332_turn4,multiwoz,en,MUL1332,4,344,26.85,long,non-streaming,0.3284,0.1515,1694.69,
multiwoz_MUL1332_turn4,multiwoz,en,MUL1332,4,344,26.85,long,streaming,0.3881,0.1758,854.50,
multiwoz_PMUL2130_turn3,multiwoz,en,PMUL2130,3,403,26.89,long,non-streaming,0.0811,0.0362,2090.93,
multiwoz_PMUL2130_turn3,multiwoz,en,PMUL2130,3,403,26.89,long,streaming,0.1216,0.0439,778.08,
multiwoz_MUL0711_turn3,multiwoz,en,MUL0711,3,364,27.05,long,non-streaming,0.1200,0.0510,1652.16,
multiwoz_MUL0711_turn3,multiwoz,en,MUL0711,3,364,27.05,long,streaming,0.9200,0.9150,1745.76,
multiwoz_MUL1320_turn4,multiwoz,en,MUL1320,4,350,27.13,long,non-streaming,0.3030,0.1557,1753.03,
multiwoz_MUL1320_turn4,multiwoz,en,MUL1320,4,350,27.13,long,streaming,0.3182,0.1677,1236.15,
crosswoz_9138_turn3,crosswoz,zh,9138,3,138,27.14,long,non-streaming,0.0427,0.0968,2224.42,
crosswoz_9138_turn3,crosswoz,zh,9138,3,138,27.14,long,streaming,0.0684,0.1048,819.97,
crosswoz_9080_turn2,crosswoz,zh,9080,2,132,27.38,long,non-streaming,0.0684,0.0833,2060.20,
crosswoz_9080_turn2,crosswoz,zh,9080,2,132,27.38,long,streaming,0.0769,0.1000,1426.43,
crosswoz_10574_turn3,crosswoz,zh,10574,3,142,27.89,long,non-streaming,0.0806,0.1094,2172.37,
crosswoz_10574_turn3,crosswoz,zh,10574,3,142,27.89,long,streaming,0.0887,0.1094,854.22,
multiwoz_MUL1459_turn3,multiwoz,en,MUL1459,3,381,27.90,long,non-streaming,0.1013,0.0541,1771.18,
multiwoz_MUL1459_turn3,multiwoz,en,MUL1459,3,381,27.90,long,streaming,0.1266,0.0568,911.50,
multiwoz_MUL0076_turn3,multiwoz,en,MUL0076,3,402,28.07,long,non-streaming,0.1467,0.0649,1728.78,
multiwoz_MUL0076_turn3,multiwoz,en,MUL0076,3,402,28.07,long,streaming,0.2267,0.0545,1064.09,
crosswoz_422_turn3,crosswoz,zh,422,3,138,28.21,long,non-streaming,0.0508,0.0820,2002.98,
crosswoz_422_turn3,crosswoz,zh,422,3,138,28.21,long,streaming,0.0508,0.0902,761.66,
crosswoz_11893_turn2,crosswoz,zh,11893,2,141,28.63,long,non-streaming,0.0238,0.0391,2096.55,
crosswoz_11893_turn2,crosswoz,zh,11893,2,141,28.63,long,streaming,0.0317,0.0625,1223.37,
crosswoz_12011_turn2,crosswoz,zh,12011,2,139,28.98,long,non-streaming,0.0574,0.0726,2210.84,
crosswoz_12011_turn2,crosswoz,zh,12011,2,139,28.98,long,streaming,0.0820,0.1210,669.42,
multiwoz_MUL1152_turn3,multiwoz,en,MUL1152,3,402,29.06,long,non-streaming,0.1918,0.0611,1649.80,
multiwoz_MUL1152_turn3,multiwoz,en,MUL1152,3,402,29.06,long,streaming,0.2466,0.0738,1049.59,
crosswoz_8436_turn2,crosswoz,zh,8436,2,136,29.08,long,non-streaming,0.0579,0.0732,1952.94,
crosswoz_8436_turn2,crosswoz,zh,8436,2,136,29.08,long,streaming,0.0579,0.0976,873.45,
multiwoz_MUL1377_turn2,multiwoz,en,MUL1377,2,369,29.25,long,non-streaming,0.1667,0.0655,1750.65,
multiwoz_MUL1377_turn2,multiwoz,en,MUL1377,2,369,29.25,long,streaming,0.1667,0.0855,998.40,
multiwoz_PMUL2175_turn3,multiwoz,en,PMUL2175,3,400,29.51,long,non-streaming,0.2603,0.1554,1801.90,
multiwoz_PMUL2175_turn3,multiwoz,en,PMUL2175,3,400,29.51,long,streaming,0.3151,0.1813,1190.20,
multiwoz_MUL0069_turn3,multiwoz,en,MUL0069,3,379,29.59,long,non-streaming,0.2105,0.1247,1699.60,
multiwoz_MUL0069_turn3,multiwoz,en,MUL0069,3,379,29.59,long,streaming,0.1974,0.1220,1087.57,
crosswoz_10197_turn3,crosswoz,zh,10197,3,146,29.87,long,non-streaming,0.0244,0.0551,2314.27,
crosswoz_10197_turn3,crosswoz,zh,10197,3,146,29.87,long,streaming,0.0569,0.0630,1000.46,
crosswoz_10661_turn3,crosswoz,zh,10661,3,151,29.87,long,non-streaming,0.0547,0.0970,2287.01,
crosswoz_10661_turn3,crosswoz,zh,10661,3,151,29.87,long,streaming,0.0703,0.0970,795.95,
crosswoz_1101_turn3,crosswoz,zh,1101,3,145,29.90,long,non-streaming,0.0488,0.0787,2240.14,
crosswoz_1101_turn3,crosswoz,zh,1101,3,145,29.90,long,streaming,0.0407,0.0945,815.69,
multiwoz_MUL1027_turn3,multiwoz,en,MUL1027,3,409,29.96,long,non-streaming,0.1975,0.0775,1622.83,
multiwoz_MUL1027_turn3,multiwoz,en,MUL1027,3,409,29.96,long,streaming,0.2593,0.1050,780.81,
crosswoz_8796_turn2,crosswoz,zh,8796,2,138,30.00,very_long,non-streaming,0.0645,0.0794,2603.29,
crosswoz_8796_turn2,crosswoz,zh,8796,2,138,30.00,very_long,streaming,0.0726,0.1190,1069.74,
multiwoz_PMUL0271_turn3,multiwoz,en,PMUL0271,3,413,30.09,very_long,non-streaming,0.1667,0.0873,1947.90,
multiwoz_PMUL0271_turn3,multiwoz,en,PMUL0271,3,413,30.09,very_long,streaming,0.2179,0.0973,954.35,
multiwoz_PMUL2590_turn4,multiwoz,en,PMUL2590,4,423,30.28,very_long,non-streaming,0.2179,0.1241,1892.99,
multiwoz_PMUL2590_turn4,multiwoz,en,PMUL2590,4,423,30.28,very_long,streaming,0.2308,0.1314,1623.61,
multiwoz_MUL1215_turn3,multiwoz,en,MUL1215,3,374,30.41,very_long,non-streaming,0.3429,0.0736,1980.40,
multiwoz_MUL1215_turn3,multiwoz,en,MUL1215,3,374,30.41,very_long,streaming,0.4143,0.0926,800.62,
crosswoz_10749_turn3,crosswoz,zh,10749,3,156,30.48,very_long,non-streaming,0.0147,0.0500,2642.11,
crosswoz_10749_turn3,crosswoz,zh,10749,3,156,30.48,very_long,streaming,0.0147,0.0357,1076.60,
crosswoz_7701_turn3,crosswoz,zh,7701,3,148,30.56,very_long,non-streaming,0.0968,0.1240,2479.40,
crosswoz_7701_turn3,crosswoz,zh,7701,3,148,30.56,very_long,streaming,0.0726,0.1085,780.72,
crosswoz_9200_turn3,crosswoz,zh,9200,3,144,30.84,very_long,non-streaming,0.0420,0.0945,2300.17,
crosswoz_9200_turn3,crosswoz,zh,9200,3,144,30.84,very_long,streaming,0.0504,0.0630,682.32,
multiwoz_MUL1330_turn3,multiwoz,en,MUL1330,3,515,30.85,very_long,non-streaming,0.0538,0.0279,2103.33,
multiwoz_MUL1330_turn3,multiwoz,en,MUL1330,3,515,30.85,very_long,streaming,0.0753,0.0299,1045.40,
multiwoz_MUL2016_turn3,multiwoz,en,MUL2016,3,412,31.00,very_long,non-streaming,0.1750,0.0827,2140.84,
multiwoz_MUL2016_turn3,multiwoz,en,MUL2016,3,412,31.00,very_long,streaming,0.2000,0.1028,1126.08,
multiwoz_MUL0176_turn4,multiwoz,en,MUL0176,4,498,31.58,very_long,non-streaming,0.0851,0.0186,2204.32,
multiwoz_MUL0176_turn4,multiwoz,en,MUL0176,4,498,31.58,very_long,streaming,0.0957,0.0186,990.36,
crosswoz_9956_turn4,crosswoz,zh,9956,4,151,31.60,very_long,non-streaming,0.0640,0.1128,2579.97,
crosswoz_9956_turn4,crosswoz,zh,9956,4,151,31.60,very_long,streaming,0.0560,0.0902,897.89,
crosswoz_8202_turn3,crosswoz,zh,8202,3,172,31.61,very_long,non-streaming,0.1773,0.2109,2550.42,
crosswoz_8202_turn3,crosswoz,zh,8202,3,172,31.61,very_long,streaming,0.2057,0.2449,870.46,
crosswoz_8672_turn3,crosswoz,zh,8672,3,154,31.66,very_long,non-streaming,0.0611,0.0889,2681.85,
crosswoz_8672_turn3,crosswoz,zh,8672,3,154,31.66,very_long,streaming,0.1069,0.1259,740.92,
multiwoz_MUL0666_turn3,multiwoz,en,MUL0666,3,459,31.97,very_long,non-streaming,0.2022,0.0740,2227.76,
multiwoz_MUL0666_turn3,multiwoz,en,MUL0666,3,459,31.97,very_long,streaming,0.2360,0.0919,697.47,
multiwoz_MUL1031_turn3,multiwoz,en,MUL1031,3,459,32.00,very_long,non-streaming,0.2069,0.0964,1975.50,
multiwoz_MUL1031_turn3,multiwoz,en,MUL1031,3,459,32.00,very_long,streaming,0.2069,0.0964,1076.58,
crosswoz_12315_turn3,crosswoz,zh,12315,3,156,32.11,very_long,non-streaming,0.0870,0.1127,2654.24,
crosswoz_12315_turn3,crosswoz,zh,12315,3,156,32.11,very_long,streaming,0.0652,0.0915,1189.95,
multiwoz_MUL1003_turn4,multiwoz,en,MUL1003,4,515,32.67,very_long,non-streaming,0.0100,0.0080,2286.93,
multiwoz_MUL1003_turn4,multiwoz,en,MUL1003,4,515,32.67,very_long,streaming,0.0400,0.0120,1048.69,
crosswoz_9033_turn3,crosswoz,zh,9033,3,159,32.70,very_long,non-streaming,0.0362,0.0634,2799.77,
crosswoz_9033_turn3,crosswoz,zh,9033,3,159,32.70,very_long,streaming,0.0217,0.0563,756.20,
multiwoz_MUL0023_turn3,multiwoz,en,MUL0023,3,435,32.86,very_long,non-streaming,0.2561,0.1206,1937.52,
multiwoz_MUL0023_turn3,multiwoz,en,MUL0023,3,435,32.86,very_long,streaming,0.2927,0.1348,1159.63,
multiwoz_PMUL2296_turn3,multiwoz,en,PMUL2296,3,505,32.88,very_long,non-streaming,0.1031,0.0348,2202.24,
multiwoz_PMUL2296_turn3,multiwoz,en,PMUL2296,3,505,32.88,very_long,streaming,0.1237,0.0389,553.18,
multiwoz_PMUL0322_turn4,multiwoz,en,PMUL0322,4,456,32.95,very_long,non-streaming,0.2198,0.0971,2223.19,
multiwoz_PMUL0322_turn4,multiwoz,en,PMUL0322,4,456,32.95,very_long,streaming,0.2418,0.1038,1222.86,
crosswoz_11248_turn2,crosswoz,zh,11248,2,160,33.08,very_long,non-streaming,0.0141,0.0278,2352.67,
crosswoz_11248_turn2,crosswoz,zh,11248,2,160,33.08,very_long,streaming,0.0141,0.0556,567.08,
multiwoz_MUL2157_turn3,multiwoz,en,MUL2157,3,407,33.35,very_long,non-streaming,0.2400,0.1145,2151.23,
multiwoz_MUL2157_turn3,multiwoz,en,MUL2157,3,407,33.35,very_long,streaming,0.2267,0.0992,1050.47,
multiwoz_PMUL2936_turn4,multiwoz,en,PMUL2936,4,446,33.53,very_long,non-streaming,0.2963,0.1209,1849.33,
multiwoz_PMUL2936_turn4,multiwoz,en,PMUL2936,4,446,33.53,very_long,streaming,0.2222,0.1047,1032.14,
crosswoz_10296_turn3,crosswoz,zh,10296,3,160,33.55,very_long,non-streaming,0.0284,0.0552,2843.49,
crosswoz_10296_turn3,crosswoz,zh,10296,3,160,33.55,very_long,streaming,0.0284,0.0759,1039.26,
crosswoz_962_turn3,crosswoz,zh,962,3,160,33.74,very_long,non-streaming,0.0915,0.1164,2658.15,
crosswoz_962_turn3,crosswoz,zh,962,3,160,33.74,very_long,streaming,0.0423,0.0685,699.31,
crosswoz_7652_turn2,crosswoz,zh,7652,2,215,33.83,very_long,non-streaming,0.3559,0.3904,2840.17,
crosswoz_7652_turn2,crosswoz,zh,7652,2,215,33.83,very_long,streaming,0.3616,0.3690,1003.01,
crosswoz_11361_turn3,crosswoz,zh,11361,3,160,34.16,very_long,non-streaming,0.0496,0.0759,2891.03,
crosswoz_11361_turn3,crosswoz,zh,11361,3,160,34.16,very_long,streaming,0.0567,0.0828,792.81,
multiwoz_PMUL2175_turn4,multiwoz,en,PMUL2175,4,489,34.33,very_long,non-streaming,0.1685,0.0932,2270.21,
multiwoz_PMUL2175_turn4,multiwoz,en,PMUL2175,4,489,34.33,very_long,streaming,0.1910,0.1081,569.12,
multiwoz_MUL0789_turn3,multiwoz,en,MUL0789,3,441,34.46,very_long,non-streaming,0.1882,0.1051,2063.78,
multiwoz_MUL0789_turn3,multiwoz,en,MUL0789,3,441,34.46,very_long,streaming,0.2235,0.1121,1077.35,
multiwoz_PMUL1904_turn4,multiwoz,en,PMUL1904,4,440,34.73,very_long,non-streaming,0.2184,0.1412,2138.77,
multiwoz_PMUL1904_turn4,multiwoz,en,PMUL1904,4,440,34.73,very_long,streaming,0.2299,0.1247,1175.20,
crosswoz_9173_turn3,crosswoz,zh,9173,3,174,34.78,very_long,non-streaming,0.0483,0.0915,2690.30,
crosswoz_9173_turn3,crosswoz,zh,9173,3,174,34.78,very_long,streaming,0.0552,0.1046,1194.78,
multiwoz_MUL1001_turn3,multiwoz,en,MUL1001,3,489,34.98,very_long,non-streaming,0.1910,0.1015,2582.72,
multiwoz_MUL1001_turn3,multiwoz,en,MUL1001,3,489,34.98,very_long,streaming,0.2022,0.0930,807.23,
multiwoz_PMUL4885_turn4,multiwoz,en,PMUL4885,4,451,35.10,very_long,non-streaming,0.2796,0.1302,2387.26,
multiwoz_PMUL4885_turn4,multiwoz,en,PMUL4885,4,451,35.10,very_long,streaming,0.2903,0.1302,807.49,
multiwoz_MUL0084_turn4,multiwoz,en,MUL0084,4,485,35.24,very_long,non-streaming,0.2000,0.1170,2514.92,
multiwoz_MUL0084_turn4,multiwoz,en,MUL0084,4,485,35.24,very_long,streaming,0.2421,0.0957,1010.77,
multiwoz_PMUL1745_turn4,multiwoz,en,PMUL1745,4,515,35.31,very_long,non-streaming,0.0952,0.0644,2354.13,
multiwoz_PMUL1745_turn4,multiwoz,en,PMUL1745,4,515,35.31,very_long,streaming,0.1238,0.0785,993.12,
crosswoz_8907_turn3,crosswoz,zh,8907,3,179,35.33,very_long,non-streaming,0.0325,0.0566,2805.76,
crosswoz_8907_turn3,crosswoz,zh,8907,3,179,35.33,very_long,streaming,0.0325,0.0629,929.33,
crosswoz_11893_turn3,crosswoz,zh,11893,3,171,35.43,very_long,non-streaming,0.0265,0.0516,2752.85,
crosswoz_11893_turn3,crosswoz,zh,11893,3,171,35.43,very_long,streaming,0.0331,0.0581,1579.33,
crosswoz_11592_turn2,crosswoz,zh,11592,2,160,35.79,very_long,non-streaming,0.0667,0.0803,2755.89,
crosswoz_11592_turn2,crosswoz,zh,11592,2,160,35.79,very_long,streaming,0.0667,0.1095,1017.58,
crosswoz_11613_turn4,crosswoz,zh,11613,4,181,36.11,very_long,non-streaming,0.1020,0.1646,2966.14,
crosswoz_11613_turn4,crosswoz,zh,11613,4,181,36.11,very_long,streaming,0.0748,0.1139,1352.95,
multiwoz_MUL0874_turn4,multiwoz,en,MUL0874,4,489,36.43,very_long,non-streaming,0.3523,0.1525,2355.58,
multiwoz_MUL0874_turn4,multiwoz,en,MUL0874,4,489,36.43,very_long,streaming,0.3864,0.1525,1949.00,
multiwoz_MUL1353_turn3,multiwoz,en,MUL1353,3,500,36.54,very_long,non-streaming,0.3191,0.1214,2890.58,
multiwoz_MUL1353_turn3,multiwoz,en,MUL1353,3,500,36.54,very_long,streaming,0.3191,0.1193,1292.73,
crosswoz_9577_turn3,crosswoz,zh,9577,3,173,36.69,very_long,non-streaming,0.0392,0.0637,3182.40,
crosswoz_9577_turn3,crosswoz,zh,9577,3,173,36.69,very_long,streaming,0.0654,0.0892,828.22,
multiwoz_MUL2174_turn4,multiwoz,en,MUL2174,4,468,36.72,very_long,non-streaming,0.2273,0.1187,2216.13,
multiwoz_MUL2174_turn4,multiwoz,en,MUL2174,4,468,36.72,very_long,streaming,0.2386,0.1077,748.48,
crosswoz_7310_turn3,crosswoz,zh,7310,3,178,36.76,very_long,non-streaming,0.0811,0.1046,3039.19,
crosswoz_7310_turn3,crosswoz,zh,7310,3,178,36.76,very_long,streaming,0.1014,0.1242,1498.57,
multiwoz_PMUL2034_turn3,multiwoz,en,PMUL2034,3,538,36.79,very_long,non-streaming,0.2424,0.1071,2246.76,
multiwoz_PMUL2034_turn3,multiwoz,en,PMUL2034,3,538,36.79,very_long,streaming,0.3131,0.1568,1181.53,
crosswoz_12299_turn3,crosswoz,zh,12299,3,178,36.83,very_long,non-streaming,0.0784,0.1019,2837.75,
crosswoz_12299_turn3,crosswoz,zh,12299,3,178,36.83,very_long,streaming,0.0784,0.1083,1662.32,
multiwoz_PMUL3103_turn4,multiwoz,en,PMUL3103,4,502,36.85,very_long,non-streaming,0.2234,0.1204,2252.78,
multiwoz_PMUL3103_turn4,multiwoz,en,PMUL3103,4,502,36.85,very_long,streaming,0.5213,0.4612,2295.65,
multiwoz_PMUL2319_turn3,multiwoz,en,PMUL2319,3,540,37.38,very_long,non-streaming,0.0943,0.0461,2356.81,
multiwoz_PMUL2319_turn3,multiwoz,en,PMUL2319,3,540,37.38,very_long,streaming,0.0943,0.0461,740.40,
crosswoz_9956_turn5,crosswoz,zh,9956,5,177,37.65,very_long,non-streaming,0.0680,0.1210,3036.01,
crosswoz_9956_turn5,crosswoz,zh,9956,5,177,37.65,very_long,streaming,0.0612,0.1083,996.95,
multiwoz_MUL2018_turn4,multiwoz,en,MUL2018,4,472,37.65,very_long,non-streaming,0.2111,0.1187,2232.35,
multiwoz_MUL2018_turn4,multiwoz,en,MUL2018,4,472,37.65,very_long,streaming,0.2222,0.1165,747.86,
crosswoz_10574_turn4,crosswoz,zh,10574,4,185,37.76,very_long,non-streaming,0.0696,0.1030,2947.26,
crosswoz_10574_turn4,crosswoz,zh,10574,4,185,37.76,very_long,streaming,0.0570,0.0848,1131.93,
multiwoz_MUL0069_turn4,multiwoz,en,MUL0069,4,521,37.78,very_long,non-streaming,0.2233,0.1043,2079.30,
multiwoz_MUL0069_turn4,multiwoz,en,MUL0069,4,521,37.78,very_long,streaming,0.2136,0.0965,742.86,
crosswoz_9394_turn3,crosswoz,zh,9394,3,168,37.83,very_long,non-streaming,0.0987,0.1218,3007.89,
crosswoz_9394_turn3,crosswoz,zh,9394,3,168,37.83,very_long,streaming,0.0789,0.1090,891.39,
crosswoz_11730_turn3,crosswoz,zh,11730,3,193,37.84,very_long,non-streaming,0.0633,0.1138,3099.98,
crosswoz_11730_turn3,crosswoz,zh,11730,3,193,37.84,very_long,streaming,0.1013,0.1377,1061.03,
multiwoz_MUL1320_turn5,multiwoz,en,MUL1320,5,506,37.88,very_long,non-streaming,0.3163,0.1687,2402.77,
multiwoz_MUL1320_turn5,multiwoz,en,MUL1320,5,506,37.88,very_long,streaming,0.2347,0.1317,876.95,
multiwoz_MUL0193_turn3,multiwoz,en,MUL0193,3,512,37.94,very_long,non-streaming,0.2875,0.1286,2186.91,
multiwoz_MUL0193_turn3,multiwoz,en,MUL0193,3,512,37.94,very_long,streaming,0.3125,0.1306,710.47,
crosswoz_12298_turn3,crosswoz,zh,12298,3,185,37.99,very_long,non-streaming,0.0321,0.0732,2893.35,
crosswoz_12298_turn3,crosswoz,zh,12298,3,185,37.99,very_long,streaming,0.0769,0.1098,1126.37,
multiwoz_MUL0076_turn4,multiwoz,en,MUL0076,4,548,38.02,very_long,non-streaming,0.1619,0.0743,2551.03,
multiwoz_MUL0076_turn4,multiwoz,en,MUL0076,4,548,38.02,very_long,streaming,0.2381,0.0952,836.24,
crosswoz_7196_turn3,crosswoz,zh,7196,3,180,38.28,very_long,non-streaming,0.0875,0.1098,2879.38,
crosswoz_7196_turn3,crosswoz,zh,7196,3,180,38.28,very_long,streaming,0.0875,0.1280,866.83,
multiwoz_PMUL4031_turn4,multiwoz,en,PMUL4031,4,553,38.48,very_long,non-streaming,0.1633,0.0321,2167.10,
multiwoz_PMUL4031_turn4,multiwoz,en,PMUL4031,4,553,38.48,very_long,streaming,0.1020,0.0189,1075.50,
multiwoz_MUL0641_turn3,multiwoz,en,MUL0641,3,508,38.78,very_long,non-streaming,0.2447,0.1283,2462.86,
multiwoz_MUL0641_turn3,multiwoz,en,MUL0641,3,508,38.78,very_long,streaming,0.2553,0.1120,1286.98,
crosswoz_2228_turn3,crosswoz,zh,2228,3,188,39.04,very_long,non-streaming,0.0488,0.0714,3058.48,
crosswoz_2228_turn3,crosswoz,zh,2228,3,188,39.04,very_long,streaming,0.0488,0.0833,804.71,
multiwoz_PMUL4612_turn4,multiwoz,en,PMUL4612,4,558,39.14,very_long,non-streaming,0.1589,0.0958,2558.51,
multiwoz_PMUL4612_turn4,multiwoz,en,PMUL4612,4,558,39.14,very_long,streaming,0.1869,0.0958,792.26,
crosswoz_10040_turn3,crosswoz,zh,10040,3,181,39.23,very_long,non-streaming,0.0440,0.0671,3216.81,
crosswoz_10040_turn3,crosswoz,zh,10040,3,181,39.23,very_long,streaming,0.0566,0.0915,1542.19,
crosswoz_11334_turn3,crosswoz,zh,11334,3,189,39.47,very_long,non-streaming,0.0692,0.1030,3328.46,
crosswoz_11334_turn3,crosswoz,zh,11334,3,189,39.47,very_long,streaming,0.0818,0.1152,927.85,
crosswoz_3145_turn3,crosswoz,zh,3145,3,186,39.58,very_long,non-streaming,0.0545,0.0769,3191.28,
crosswoz_3145_turn3,crosswoz,zh,3145,3,186,39.58,very_long,streaming,0.0545,0.1006,790.69,
multiwoz_MUL0183_turn4,multiwoz,en,MUL0183,4,618,39.88,very_long,non-streaming,0.0656,0.0150,2732.33,
multiwoz_MUL0183_turn4,multiwoz,en,MUL0183,4,618,39.88,very_long,streaming,0.0820,0.0166,723.79,
multiwoz_MUL1152_turn4,multiwoz,en,MUL1152,4,556,39.93,very_long,non-streaming,0.2427,0.0829,2458.09,
multiwoz_MUL1152_turn4,multiwoz,en,MUL1152,4,556,39.93,very_long,streaming,0.2427,0.0939,882.08,
multiwoz_MUL1203_turn4,multiwoz,en,MUL1203,4,616,40.04,very_long,non-streaming,0.1171,0.0401,2820.34,
multiwoz_MUL1203_turn4,multiwoz,en,MUL1203,4,616,40.04,very_long,streaming,0.1171,0.0368,1171.96,
crosswoz_497_turn4,crosswoz,zh,497,4,193,40.15,very_long,non-streaming,0.0382,0.0958,3277.54,
crosswoz_497_turn4,crosswoz,zh,497,4,193,40.15,very_long,streaming,0.0446,0.0778,781.10,
crosswoz_9080_turn3,crosswoz,zh,9080,3,197,40.15,very_long,non-streaming,0.0578,0.0787,3223.30,
crosswoz_9080_turn3,crosswoz,zh,9080,3,197,40.15,very_long,streaming,0.0578,0.0843,1175.46,
multiwoz_PMUL2175_turn5,multiwoz,en,PMUL2175,5,556,40.41,very_long,non-streaming,0.3173,0.1586,2665.43,
multiwoz_PMUL2175_turn5,multiwoz,en,PMUL2175,5,556,40.41,very_long,streaming,0.3077,0.1586,669.82,
multiwoz_MUL1459_turn4,multiwoz,en,MUL1459,4,562,40.62,very_long,non-streaming,0.1339,0.0606,2463.06,
multiwoz_MUL1459_turn4,multiwoz,en,MUL1459,4,562,40.62,very_long,streaming,0.1339,0.0771,1049.32,
crosswoz_9365_turn4,crosswoz,zh,9365,4,207,40.76,very_long,non-streaming,0.0828,0.1333,3297.71,
crosswoz_9365_turn4,crosswoz,zh,9365,4,207,40.76,very_long,streaming,0.0828,0.1389,1440.90,
crosswoz_11592_turn3,crosswoz,zh,11592,3,184,40.77,very_long,non-streaming,0.0779,0.1013,3154.08,
crosswoz_11592_turn3,crosswoz,zh,11592,3,184,40.77,very_long,streaming,0.0844,0.1266,663.72,
multiwoz_PMUL1904_turn5,multiwoz,en,PMUL1904,5,543,40.87,very_long,non-streaming,0.2407,0.1905,2624.94,
multiwoz_PMUL1904_turn5,multiwoz,en,PMUL1904,5,543,40.87,very_long,streaming,0.2685,0.1981,731.62,
multiwoz_MUL1031_turn4,multiwoz,en,MUL1031,4,601,40.96,very_long,non-streaming,0.2174,0.1100,2738.20,
multiwoz_MUL1031_turn4,multiwoz,en,MUL1031,4,601,40.96,very_long,streaming,0.2000,0.1048,1581.09,
multiwoz_MUL0666_turn4,multiwoz,en,MUL0666,4,583,41.25,very_long,non-streaming,0.2212,0.0901,2877.16,
multiwoz_MUL0666_turn4,multiwoz,en,MUL0666,4,583,41.25,very_long,streaming,0.2389,0.1060,976.18,
multiwoz_PMUL0322_turn5,multiwoz,en,PMUL0322,5,553,41.31,very_long,non-streaming,0.2037,0.0950,2583.99,
multiwoz_PMUL0322_turn5,multiwoz,en,PMUL0322,5,553,41.31,very_long,streaming,0.2500,0.1080,1674.78,
multiwoz_MUL1191_turn4,multiwoz,en,MUL1191,4,560,41.37,very_long,non-streaming,0.2455,0.0889,2791.40,
multiwoz_MUL1191_turn4,multiwoz,en,MUL1191,4,560,41.37,very_long,streaming,0.2909,0.1167,930.11,
multiwoz_MUL2174_turn5,multiwoz,en,MUL2174,5,535,41.51,very_long,non-streaming,0.1515,0.0614,2467.03,
multiwoz_MUL2174_turn5,multiwoz,en,MUL2174,5,535,41.51,very_long,streaming,0.2020,0.0768,1262.19,
crosswoz_11406_turn4,crosswoz,zh,11406,4,203,41.78,very_long,non-streaming,0.0882,0.1193,3761.66,
crosswoz_11406_turn4,crosswoz,zh,11406,4,203,41.78,very_long,streaming,0.0765,0.1136,1038.37,
crosswoz_8717_turn3,crosswoz,zh,8717,3,205,41.78,very_long,non-streaming,0.0523,0.0843,3455.35,
crosswoz_8717_turn3,crosswoz,zh,8717,3,205,41.78,very_long,streaming,0.0581,0.0843,1200.80,
multiwoz_PMUL4499_turn4,multiwoz,en,PMUL4499,4,625,41.81,very_long,non-streaming,0.1909,0.0870,2511.59,
multiwoz_PMUL4499_turn4,multiwoz,en,PMUL4499,4,625,41.81,very_long,streaming,0.2091,0.0920,988.68,
crosswoz_9956_turn6,crosswoz,zh,9956,6,206,41.95,very_long,non-streaming,0.0714,0.1326,3392.22,
crosswoz_9956_turn6,crosswoz,zh,9956,6,206,41.95,very_long,streaming,0.0595,0.1105,1453.64,
multiwoz_MUL1215_turn4,multiwoz,en,MUL1215,4,496,42.09,very_long,non-streaming,0.2903,0.0702,2555.95,
multiwoz_MUL1215_turn4,multiwoz,en,MUL1215,4,496,42.09,very_long,streaming,0.2581,0.0537,845.52,
multiwoz_PMUL4254_turn4,multiwoz,en,PMUL4254,4,528,42.16,very_long,non-streaming,0.2323,0.1032,2427.18,
multiwoz_PMUL4254_turn4,multiwoz,en,PMUL4254,4,528,42.16,very_long,streaming,0.2525,0.1012,807.97,
multiwoz_MUL0711_turn4,multiwoz,en,MUL0711,4,572,42.45,very_long,non-streaming,0.1404,0.0633,2572.57,
multiwoz_MUL0711_turn4,multiwoz,en,MUL0711,4,572,42.45,very_long,streaming,0.1491,0.0723,948.70,
multiwoz_MUL1332_turn5,multiwoz,en,MUL1332,5,518,42.48,very_long,non-streaming,0.3093,0.1308,2707.64,
multiwoz_MUL1332_turn5,multiwoz,en,MUL1332,5,518,42.48,very_long,streaming,0.3196,0.1288,1477.36,
multiwoz_PMUL2590_turn5,multiwoz,en,PMUL2590,5,600,43.50,very_long,non-streaming,0.2252,0.1136,2664.21,
multiwoz_PMUL2590_turn5,multiwoz,en,PMUL2590,5,600,43.50,very_long,streaming,0.2252,0.1239,672.46,
multiwoz_PMUL0085_turn4,multiwoz,en,PMUL0085,4,567,43.58,very_long,non-streaming,0.2193,0.1360,2671.82,
multiwoz_PMUL0085_turn4,multiwoz,en,PMUL0085,4,567,43.58,very_long,streaming,0.2456,0.1305,967.86,
crosswoz_10661_turn4,crosswoz,zh,10661,4,215,43.63,very_long,non-streaming,0.0549,0.0947,3441.82,
crosswoz_10661_turn4,crosswoz,zh,10661,4,215,43.63,very_long,streaming,0.0824,0.1211,633.38,
multiwoz_PMUL2296_turn4,multiwoz,en,PMUL2296,4,686,43.66,very_long,non-streaming,0.1395,0.0556,2702.27,
multiwoz_PMUL2296_turn4,multiwoz,en,PMUL2296,4,686,43.66,very_long,streaming,0.1318,0.0421,1346.91,
crosswoz_8672_turn4,crosswoz,zh,8672,4,214,43.68,very_long,non-streaming,0.0489,0.0789,3367.61,
crosswoz_8672_turn4,crosswoz,zh,8672,4,214,43.68,very_long,streaming,0.0761,0.1211,1510.40,
crosswoz_10331_turn3,crosswoz,zh,10331,3,220,43.76,very_long,non-streaming,0.0642,0.0885,3884.09,
crosswoz_10331_turn3,crosswoz,zh,10331,3,220,43.76,very_long,streaming,0.0642,0.1042,1753.54,
multiwoz_MUL0023_turn4,multiwoz,en,MUL0023,4,582,43.92,very_long,non-streaming,0.2432,0.1174,2548.56,
multiwoz_MUL0023_turn4,multiwoz,en,MUL0023,4,582,43.92,very_long,streaming,0.2793,0.1228,604.75,
crosswoz_11735_turn3,crosswoz,zh,11735,3,197,44.30,very_long,non-streaming,0.0682,0.0939,3421.06,
crosswoz_11735_turn3,crosswoz,zh,11735,3,197,44.30,very_long,streaming,0.0682,0.1050,1164.34,
multiwoz_PMUL4885_turn5,multiwoz,en,PMUL4885,5,575,44.47,very_long,non-streaming,0.2241,0.1033,2773.47,
multiwoz_PMUL4885_turn5,multiwoz,en,PMUL4885,5,575,44.47,very_long,streaming,0.2241,0.0960,1066.85,
crosswoz_9138_turn4,crosswoz,zh,9138,4,221,44.48,very_long,non-streaming,0.0484,0.1015,3418.97,
crosswoz_9138_turn4,crosswoz,zh,9138,4,221,44.48,very_long,streaming,0.0753,0.1218,855.62,
multiwoz_PMUL2130_turn4,multiwoz,en,PMUL2130,4,581,44.72,very_long,non-streaming,0.1963,0.1143,2617.27,
multiwoz_PMUL2130_turn4,multiwoz,en,PMUL2130,4,581,44.72,very_long,streaming,0.2243,0.1214,579.09,
crosswoz_9033_turn4,crosswoz,zh,9033,4,215,45.58,very_long,non-streaming,0.0326,0.0628,3538.72,
crosswoz_9033_turn4,crosswoz,zh,9033,4,215,45.58,very_long,streaming,0.0326,0.0576,791.21,
crosswoz_8436_turn3,crosswoz,zh,8436,3,220,45.65,very_long,non-streaming,0.0582,0.0964,3470.34,
crosswoz_8436_turn3,crosswoz,zh,8436,3,220,45.65,very_long,streaming,0.0582,0.1168,1630.80,
multiwoz_PMUL0237_turn5,multiwoz,en,PMUL0237,5,581,45.74,very_long,non-streaming,0.2255,0.1243,3525.58,
multiwoz_PMUL0237_turn5,multiwoz,en,PMUL0237,5,581,45.74,very_long,streaming,0.2941,0.1350,786.62,
multiwoz_PMUL2175_turn6,multiwoz,en,PMUL2175,6,640,45.79,very_long,non-streaming,0.3333,0.1531,3009.29,
multiwoz_PMUL2175_turn6,multiwoz,en,PMUL2175,6,640,45.79,very_long,streaming,0.3504,0.1547,1105.39,
crosswoz_497_turn5,crosswoz,zh,497,5,226,45.86,very_long,non-streaming,0.0435,0.1020,4634.39,
crosswoz_497_turn5,crosswoz,zh,497,5,226,45.86,very_long,streaming,0.0652,0.1122,890.81,
multiwoz_MUL1330_turn4,multiwoz,en,MUL1330,4,678,46.49,very_long,non-streaming,0.1694,0.0742,2834.69,
multiwoz_MUL1330_turn4,multiwoz,en,MUL1330,4,678,46.49,very_long,streaming,0.1694,0.0803,781.66,
crosswoz_962_turn4,crosswoz,zh,962,4,217,46.53,very_long,non-streaming,0.0691,0.0979,3590.48,
crosswoz_962_turn4,crosswoz,zh,962,4,217,46.53,very_long,streaming,0.0745,0.0979,701.45,
multiwoz_MUL2016_turn4,multiwoz,en,MUL2016,4,626,46.54,very_long,non-streaming,0.2160,0.0926,2989.63,
multiwoz_MUL2016_turn4,multiwoz,en,MUL2016,4,626,46.54,very_long,streaming,0.2320,0.1041,832.73,
crosswoz_8907_turn4,crosswoz,zh,8907,4,235,46.73,very_long,non-streaming,0.0394,0.0667,3511.66,
crosswoz_8907_turn4,crosswoz,zh,8907,4,235,46.73,very_long,streaming,0.0345,0.0524,953.02,
multiwoz_PMUL0271_turn4,multiwoz,en,PMUL0271,4,611,46.85,very_long,non-streaming,0.1207,0.0709,3098.03,
multiwoz_PMUL0271_turn4,multiwoz,en,PMUL0271,4,611,46.85,very_long,streaming,0.1552,0.0743,910.53,
crosswoz_11613_turn5,crosswoz,zh,11613,5,226,46.92,very_long,non-streaming,0.1087,0.1675,3556.80,
crosswoz_11613_turn5,crosswoz,zh,11613,5,226,46.92,very_long,streaming,0.1087,0.1421,950.99,
crosswoz_10382_turn4,crosswoz,zh,10382,4,240,46.93,very_long,non-streaming,0.0846,0.1154,3662.40,
crosswoz_10382_turn4,crosswoz,zh,10382,4,240,46.93,very_long,streaming,0.0945,0.1250,547.73,
multiwoz_PMUL4612_turn5,multiwoz,en,PMUL4612,5,647,47.23,very_long,non-streaming,0.1440,0.0729,2774.21,
multiwoz_PMUL4612_turn5,multiwoz,en,PMUL4612,5,647,47.23,very_long,streaming,0.1600,0.0840,909.94,
crosswoz_10296_turn4,crosswoz,zh,10296,4,221,47.28,very_long,non-streaming,0.0464,0.0700,3657.59,
crosswoz_10296_turn4,crosswoz,zh,10296,4,221,47.28,very_long,streaming,0.0412,0.0750,1483.66,
crosswoz_8707_turn4,crosswoz,zh,8707,4,265,47.44,very_long,non-streaming,0.2308,0.2672,3663.66,
crosswoz_8707_turn4,crosswoz,zh,8707,4,265,47.44,very_long,streaming,0.2489,0.2845,1190.09,
multiwoz_PMUL0460_turn4,multiwoz,en,PMUL0460,4,612,47.45,very_long,non-streaming,0.2810,0.1062,2673.83,
multiwoz_PMUL0460_turn4,multiwoz,en,PMUL0460,4,612,47.45,very_long,streaming,0.3058,0.1282,801.28,
multiwoz_MUL1027_turn4,multiwoz,en,MUL1027,4,634,47.47,very_long,non-streaming,0.2016,0.1052,2754.87,
multiwoz_MUL1027_turn4,multiwoz,en,MUL1027,4,634,47.47,very_long,streaming,0.2419,0.1262,694.45,
crosswoz_422_turn4,crosswoz,zh,422,4,235,47.52,very_long,non-streaming,0.0524,0.1040,3742.16,
crosswoz_422_turn4,crosswoz,zh,422,4,235,47.52,very_long,streaming,0.0471,0.0990,791.68,
crosswoz_12011_turn3,crosswoz,zh,12011,3,224,47.90,very_long,non-streaming,0.0508,0.0743,3790.89,
crosswoz_12011_turn3,crosswoz,zh,12011,3,224,47.90,very_long,streaming,0.0711,0.1188,579.31,
crosswoz_2228_turn4,crosswoz,zh,2228,4,232,47.90,very_long,non-streaming,0.0603,0.0874,3404.15,
crosswoz_2228_turn4,crosswoz,zh,2228,4,232,47.90,very_long,streaming,0.0603,0.0922,897.56,
multiwoz_MUL0084_turn5,multiwoz,en,MUL0084,5,634,48.03,very_long,non-streaming,0.2541,0.1154,2813.87,
multiwoz_MUL0084_turn5,multiwoz,en,MUL0084,5,634,48.03,very_long,streaming,0.2623,0.1236,452.30,
crosswoz_7310_turn4,crosswoz,zh,7310,4,240,48.12,very_long,non-streaming,0.0588,0.0853,3883.80,
crosswoz_7310_turn4,crosswoz,zh,7310,4,240,48.12,very_long,streaming,0.0686,0.1043,1595.39,
crosswoz_12315_turn4,crosswoz,zh,12315,4,231,48.23,very_long,non-streaming,0.0739,0.1048,3958.94,
crosswoz_12315_turn4,crosswoz,zh,12315,4,231,48.23,very_long,streaming,0.0985,0.1143,951.43,
multiwoz_PMUL1745_turn5,multiwoz,en,PMUL1745,5,645,48.29,very_long,non-streaming,0.1429,0.0660,3034.04,
multiwoz_PMUL1745_turn5,multiwoz,en,PMUL1745,5,645,48.29,very_long,streaming,0.1579,0.0692,721.15,
crosswoz_11361_turn4,crosswoz,zh,11361,4,240,48.49,very_long,non-streaming,0.0622,0.0880,3906.43,
crosswoz_11361_turn4,crosswoz,zh,11361,4,240,48.49,very_long,streaming,0.0622,0.0972,715.20,
multiwoz_MUL2174_turn6,multiwoz,en,MUL2174,6,635,48.51,very_long,non-streaming,0.2458,0.0971,2441.17,
multiwoz_MUL2174_turn6,multiwoz,en,MUL2174,6,635,48.51,very_long,streaming,0.2627,0.0987,731.37,
crosswoz_8672_turn5,crosswoz,zh,8672,5,257,48.66,very_long,non-streaming,0.1227,0.1535,3791.23,
crosswoz_8672_turn5,crosswoz,zh,8672,5,257,48.66,very_long,streaming,0.1227,0.1535,1391.18,
multiwoz_MUL1377_turn3,multiwoz,en,MUL1377,3,573,48.83,very_long,non-streaming,0.2381,0.1188,3382.75,
multiwoz_MUL1377_turn3,multiwoz,en,MUL1377,3,573,48.83,very_long,streaming,0.2286,0.1188,1220.02,
multiwoz_MUL2157_turn4,multiwoz,en,MUL2157,4,601,48.92,very_long,non-streaming,0.2301,0.1384,2753.49,
multiwoz_MUL2157_turn4,multiwoz,en,MUL2157,4,601,48.92,very_long,streaming,0.2832,0.1557,923.69,
multiwoz_MUL0789_turn4,multiwoz,en,MUL0789,4,656,49.20,very_long,non-streaming,0.1301,0.0706,2955.77,
multiwoz_MUL0789_turn4,multiwoz,en,MUL0789,4,656,49.20,very_long,streaming,0.1626,0.0863,1131.45,
crosswoz_1101_turn4,crosswoz,zh,1101,4,243,49.39,very_long,non-streaming,0.0550,0.1000,3787.13,
crosswoz_1101_turn4,crosswoz,zh,1101,4,243,49.39,very_long,streaming,0.0600,0.1190,2019.71,
multiwoz_PMUL3103_turn5,multiwoz,en,PMUL3103,5,655,49.42,very_long,non-streaming,0.2195,0.0875,3007.92,
multiwoz_PMUL3103_turn5,multiwoz,en,PMUL3103,5,655,49.42,very_long,streaming,0.2033,0.0922,643.39,
multiwoz_MUL0666_turn5,multiwoz,en,MUL0666,5,669,49.56,very_long,non-streaming,0.1970,0.1063,3171.28,
multiwoz_MUL0666_turn5,multiwoz,en,MUL0666,5,669,49.56,very_long,streaming,0.2576,0.1186,4108.16,
crosswoz_11893_turn4,crosswoz,zh,11893,4,241,49.78,very_long,non-streaming,0.0284,0.0553,3907.87,
crosswoz_11893_turn4,crosswoz,zh,11893,4,241,49.78,very_long,streaming,0.0237,0.0461,995.07,
multiwoz_MUL0193_turn4,multiwoz,en,MUL0193,4,665,49.97,very_long,non-streaming,0.3208,0.1270,2913.88,
multiwoz_MUL0193_turn4,multiwoz,en,MUL0193,4,665,49.97,very_long,streaming,0.2830,0.1019,1124.36,
multiwoz_MUL1003_turn5,multiwoz,en,MUL1003,5,663,50.11,very_long,non-streaming,0.2077,0.1104,2829.78,
multiwoz_MUL1003_turn5,multiwoz,en,MUL1003,5,663,50.11,very_long,streaming,0.2385,0.1026,949.77,
multiwoz_MUL0176_turn5,multiwoz,en,MUL0176,5,679,50.14,very_long,non-streaming,0.1846,0.0879,3013.71,
multiwoz_MUL0176_turn5,multiwoz,en,MUL0176,5,679,50.14,very_long,streaming,0.1615,0.0848,973.80,
multiwoz_MUL1001_turn4,multiwoz,en,MUL1001,4,659,50.23,very_long,non-streaming,0.1849,0.0922,3000.68,
multiwoz_MUL1001_turn4,multiwoz,en,MUL1001,4,659,50.23,very_long,streaming,0.1597,0.0828,815.44,
multiwoz_MUL1027_turn5,multiwoz,en,MUL1027,5,707,50.26,very_long,non-streaming,0.1971,0.0814,2863.54,
multiwoz_MUL1027_turn5,multiwoz,en,MUL1027,5,707,50.26,very_long,streaming,0.2190,0.0959,690.66,
crosswoz_9275_turn2,crosswoz,zh,9275,2,239,50.75,very_long,non-streaming,0.0947,0.1770,4572.13,
crosswoz_9275_turn2,crosswoz,zh,9275,2,239,50.75,very_long,streaming,0.1053,0.1770,667.61,
crosswoz_7701_turn4,crosswoz,zh,7701,4,245,50.77,very_long,non-streaming,0.0550,0.0948,4397.27,
crosswoz_7701_turn4,crosswoz,zh,7701,4,245,50.77,very_long,streaming,0.0600,0.0948,733.44,
crosswoz_10749_turn4,crosswoz,zh,10749,4,257,50.96,very_long,non-streaming,0.0224,0.0606,4053.35,
crosswoz_10749_turn4,crosswoz,zh,10749,4,257,50.96,very_long,streaming,0.0224,0.0519,2172.76,
multiwoz_MUL1353_turn4,multiwoz,en,MUL1353,4,692,51.13,very_long,non-streaming,0.2576,0.1025,3982.36,
multiwoz_MUL1353_turn4,multiwoz,en,MUL1353,4,692,51.13,very_long,streaming,0.3182,0.1114,942.67,
multiwoz_MUL1320_turn6,multiwoz,en,MUL1320,6,716,51.27,very_long,non-streaming,0.2746,0.1364,3634.97,
multiwoz_MUL1320_turn6,multiwoz,en,MUL1320,6,716,51.27,very_long,streaming,0.2606,0.1350,1522.84,
multiwoz_MUL0069_turn5,multiwoz,en,MUL0069,5,704,51.35,very_long,non-streaming,0.2536,0.1212,2732.00,
multiwoz_MUL0069_turn5,multiwoz,en,MUL0069,5,704,51.35,very_long,streaming,0.2174,0.1051,897.65,
crosswoz_8796_turn3,crosswoz,zh,8796,3,233,51.55,very_long,non-streaming,0.0725,0.0900,4266.86,
crosswoz_8796_turn3,crosswoz,zh,8796,3,233,51.55,very_long,streaming,0.0918,0.1327,1126.71,
crosswoz_9200_turn4,crosswoz,zh,9200,4,239,51.63,very_long,non-streaming,0.0306,0.0905,3953.06,
crosswoz_9200_turn4,crosswoz,zh,9200,4,239,51.63,very_long,streaming,0.0306,0.0857,748.94,
crosswoz_9394_turn4,crosswoz,zh,9394,4,231,52.05,very_long,non-streaming,0.0825,0.1085,4023.01,
crosswoz_9394_turn4,crosswoz,zh,9394,4,231,52.05,very_long,streaming,0.0728,0.1085,624.98,
crosswoz_11334_turn4,crosswoz,zh,11334,4,251,52.29,very_long,non-streaming,0.0483,0.0963,4356.93,
crosswoz_11334_turn4,crosswoz,zh,11334,4,251,52.29,very_long,streaming,0.0821,0.1239,1168.48,
crosswoz_11613_turn6,crosswoz,zh,11613,6,260,52.34,very_long,non-streaming,0.0798,0.1404,4057.98,
crosswoz_11613_turn6,crosswoz,zh,11613,6,260,52.34,very_long,streaming,0.0892,0.1228,1172.97,
multiwoz_MUL1215_turn5,multiwoz,en,MUL1215,5,652,52.69,very_long,non-streaming,0.2542,0.0676,3034.53,
multiwoz_MUL1215_turn5,multiwoz,en,MUL1215,5,652,52.69,very_long,streaming,0.3220,0.1022,1021.46,
crosswoz_10574_turn5,crosswoz,zh,10574,5,259,52.78,very_long,non-streaming,0.0354,0.0681,4328.36,
crosswoz_10574_turn5,crosswoz,zh,10574,5,259,52.78,very_long,streaming,0.0398,0.0681,2134.97,
crosswoz_11248_turn3,crosswoz,zh,11248,3,258,52.97,very_long,non-streaming,0.0444,0.0693,3503.60,
crosswoz_11248_turn3,crosswoz,zh,11248,3,258,52.97,very_long,streaming,0.0622,0.1039,2051.81,
multiwoz_MUL0711_turn5,multiwoz,en,MUL0711,5,687,53.09,very_long,non-streaming,0.1481,0.0781,3069.88,
multiwoz_MUL0711_turn5,multiwoz,en,MUL0711,5,687,53.09,very_long,streaming,0.1778,0.0931,712.80,
crosswoz_8202_turn4,crosswoz,zh,8202,4,254,53.14,very_long,non-streaming,0.0943,0.1273,4019.81,
crosswoz_8202_turn4,crosswoz,zh,8202,4,254,53.14,very_long,streaming,0.0943,0.1318,633.96,
crosswoz_3145_turn4,crosswoz,zh,3145,4,247,53.21,very_long,non-streaming,0.0591,0.0841,4207.60,
crosswoz_3145_turn4,crosswoz,zh,3145,4,247,53.21,very_long,streaming,0.0500,0.0708,1236.46,
crosswoz_7196_turn4,crosswoz,zh,7196,4,253,53.22,very_long,non-streaming,0.0583,0.0830,3861.67,
crosswoz_7196_turn4,crosswoz,zh,7196,4,253,53.22,very_long,streaming,0.0717,0.1092,1335.64,
multiwoz_PMUL2936_turn5,multiwoz,en,PMUL2936,5,708,53.26,very_long,non-streaming,0.3040,0.1226,2608.41,
multiwoz_PMUL2936_turn5,multiwoz,en,PMUL2936,5,708,53.26,very_long,streaming,0.2960,0.1387,775.14,
multiwoz_MUL2018_turn5,multiwoz,en,MUL2018,5,648,53.27,very_long,non-streaming,0.1920,0.0949,3181.67,
multiwoz_MUL2018_turn5,multiwoz,en,MUL2018,5,648,53.27,very_long,streaming,0.2000,0.0932,699.97,
crosswoz_7652_turn3,crosswoz,zh,7652,3,261,53.35,very_long,non-streaming,0.0922,0.1397,4297.48,
crosswoz_7652_turn3,crosswoz,zh,7652,3,261,53.35,very_long,streaming,0.1106,0.1397,1104.61,
crosswoz_9577_turn4,crosswoz,zh,9577,4,254,53.42,very_long,non-streaming,0.0538,0.0786,5178.54,
crosswoz_9577_turn4,crosswoz,zh,9577,4,254,53.42,very_long,streaming,0.0538,0.0873,806.59,
multiwoz_MUL0641_turn4,multiwoz,en,MUL0641,4,692,53.50,very_long,non-streaming,0.2727,0.1239,2818.63,
multiwoz_MUL0641_turn4,multiwoz,en,MUL0641,4,692,53.50,very_long,streaming,0.2500,0.1104,1180.75,
multiwoz_MUL0874_turn5,multiwoz,en,MUL0874,5,703,53.55,very_long,non-streaming,0.2538,0.1103,3335.91,
multiwoz_MUL0874_turn5,multiwoz,en,MUL0874,5,703,53.55,very_long,streaming,0.2769,0.1176,831.72,
multiwoz_MUL1459_turn5,multiwoz,en,MUL1459,5,691,53.58,very_long,non-streaming,0.1460,0.0701,3252.76,
multiwoz_MUL1459_turn5,multiwoz,en,MUL1459,5,691,53.58,very_long,streaming,0.1241,0.0537,712.63,
multiwoz_MUL1031_turn5,multiwoz,en,MUL1031,5,749,53.82,very_long,non-streaming,0.2465,0.1145,3282.75,
multiwoz_MUL1031_turn5,multiwoz,en,MUL1031,5,749,53.82,very_long,streaming,0.2113,0.1103,619.73,
multiwoz_PMUL2590_turn6,multiwoz,en,PMUL2590,6,791,53.84,very_long,non-streaming,0.2434,0.1551,3474.29,
multiwoz_PMUL2590_turn6,multiwoz,en,PMUL2590,6,791,53.84,very_long,streaming,0.2697,0.1512,1408.39,
crosswoz_12011_turn4,crosswoz,zh,12011,4,263,53.96,very_long,non-streaming,0.0478,0.0759,4417.23,
crosswoz_12011_turn4,crosswoz,zh,12011,4,263,53.96,very_long,streaming,0.0652,0.1139,662.82,
multiwoz_MUL1152_turn5,multiwoz,en,MUL1152,5,762,54.13,very_long,non-streaming,0.2374,0.1007,3267.03,
multiwoz_MUL1152_turn5,multiwoz,en,MUL1152,5,762,54.13,very_long,streaming,0.2302,0.1114,1056.76,
crosswoz_10197_turn4,crosswoz,zh,10197,4,260,54.39,very_long,non-streaming,0.0411,0.0749,4096.71,
crosswoz_10197_turn4,crosswoz,zh,10197,4,260,54.39,very_long,streaming,0.0502,0.0881,1049.54,
crosswoz_9956_turn7,crosswoz,zh,9956,7,274,54.51,very_long,non-streaming,0.0708,0.1286,4008.68,
crosswoz_9956_turn7,crosswoz,zh,9956,7,274,54.51,very_long,streaming,0.0708,0.1120,1108.68,
multiwoz_PMUL0085_turn5,multiwoz,en,PMUL0085,5,750,55.18,very_long,non-streaming,0.2517,0.1245,3632.80,
multiwoz_PMUL0085_turn5,multiwoz,en,PMUL0085,5,750,55.18,very_long,streaming,0.2450,0.1342,762.65,
multiwoz_PMUL3103_turn6,multiwoz,en,PMUL3103,6,765,55.24,very_long,non-streaming,0.2847,0.1153,3022.23,
multiwoz_PMUL3103_turn6,multiwoz,en,PMUL3103,6,765,55.24,very_long,streaming,0.2778,0.1072,1272.59,
multiwoz_MUL1001_turn5,multiwoz,en,MUL1001,5,747,55.43,very_long,non-streaming,0.1812,0.1034,3445.01,
multiwoz_MUL1001_turn5,multiwoz,en,MUL1001,5,747,55.43,very_long,streaming,0.1667,0.0979,676.73,
multiwoz_MUL1332_turn6,multiwoz,en,MUL1332,6,680,55.63,very_long,non-streaming,0.2720,0.1365,3291.64,
multiwoz_MUL1332_turn6,multiwoz,en,MUL1332,6,680,55.63,very_long,streaming,0.2720,0.1334,862.71,
multiwoz_PMUL2319_turn4,multiwoz,en,PMUL2319,4,738,55.87,very_long,non-streaming,0.2029,0.1227,3499.46,
multiwoz_PMUL2319_turn4,multiwoz,en,PMUL2319,4,738,55.87,very_long,streaming,0.2174,0.1437,1084.44,
multiwoz_PMUL3103_turn7,multiwoz,en,PMUL3103,7,898,55.87,very_long,non-streaming,0.4251,0.2839,3221.40,
multiwoz_PMUL3103_turn7,multiwoz,en,PMUL3103,7,898,55.87,very_long,streaming,0.3892,0.2621,574.49,
multiwoz_MUL0076_turn5,multiwoz,en,MUL0076,5,752,55.89,very_long,non-streaming,0.3172,0.1359,3479.29,
multiwoz_MUL0076_turn5,multiwoz,en,MUL0076,5,752,55.89,very_long,streaming,0.2621,0.1193,914.08,
multiwoz_PMUL4499_turn5,multiwoz,en,PMUL4499,5,749,56.11,very_long,non-streaming,0.2031,0.0815,3396.34,
multiwoz_PMUL4499_turn5,multiwoz,en,PMUL4499,5,749,56.11,very_long,streaming,0.2344,0.0815,904.45,
multiwoz_PMUL0322_turn6,multiwoz,en,PMUL0322,6,713,56.25,very_long,non-streaming,0.2302,0.0951,3379.01,
multiwoz_PMUL0322_turn6,multiwoz,en,PMUL0322,6,713,56.25,very_long,streaming,0.3237,0.1254,992.36,
crosswoz_10040_turn4,crosswoz,zh,10040,4,264,56.44,very_long,non-streaming,0.0982,0.1319,4909.14,
crosswoz_10040_turn4,crosswoz,zh,10040,4,264,56.44,very_long,streaming,0.0938,0.1234,1365.05,
crosswoz_8436_turn4,crosswoz,zh,8436,4,271,56.62,very_long,non-streaming,0.0427,0.0820,4412.44,
crosswoz_8436_turn4,crosswoz,zh,8436,4,271,56.62,very_long,streaming,0.0427,0.0779,728.57,
multiwoz_MUL2174_turn7,multiwoz,en,MUL2174,7,720,56.72,very_long,non-streaming,0.2331,0.0874,3392.57,
multiwoz_MUL2174_turn7,multiwoz,en,MUL2174,7,720,56.72,very_long,streaming,0.3008,0.1232,1057.79,
multiwoz_PMUL1904_turn6,multiwoz,en,PMUL1904,6,724,56.74,very_long,non-streaming,0.2465,0.1266,3621.81,
multiwoz_PMUL1904_turn6,multiwoz,en,PMUL1904,6,724,56.74,very_long,streaming,0.2535,0.1166,1170.84,
multiwoz_PMUL0237_turn6,multiwoz,en,PMUL0237,6,724,57.09,very_long,non-streaming,0.2558,0.1067,3279.86,
multiwoz_PMUL0237_turn6,multiwoz,en,PMUL0237,6,724,57.09,very_long,streaming,0.2403,0.1124,668.56,
crosswoz_98_turn3,crosswoz,zh,98,3,248,57.17,very_long,non-streaming,0.1204,0.1364,4421.92,
crosswoz_98_turn3,crosswoz,zh,98,3,248,57.17,very_long,streaming,0.1065,0.1591,824.28,
crosswoz_12299_turn4,crosswoz,zh,12299,4,273,57.30,very_long,non-streaming,0.0736,0.1042,4738.84,
crosswoz_12299_turn4,crosswoz,zh,12299,4,273,57.30,very_long,streaming,0.0693,0.0917,926.13,
crosswoz_9173_turn4,crosswoz,zh,9173,4,281,57.32,very_long,non-streaming,0.0431,0.0861,4603.73,
crosswoz_9173_turn4,crosswoz,zh,9173,4,281,57.32,very_long,streaming,0.0474,0.0984,944.48,
multiwoz_PMUL1745_turn6,multiwoz,en,PMUL1745,6,766,57.34,very_long,non-streaming,0.1509,0.0703,3786.35,
multiwoz_PMUL1745_turn6,multiwoz,en,PMUL1745,6,766,57.34,very_long,streaming,0.1824,0.0784,979.15,
crosswoz_12298_turn4,crosswoz,zh,12298,4,271,57.38,very_long,non-streaming,0.0302,0.0702,4417.75,
crosswoz_12298_turn4,crosswoz,zh,12298,4,271,57.38,very_long,streaming,0.0345,0.0785,774.45,
crosswoz_11730_turn4,crosswoz,zh,11730,4,298,57.49,very_long,non-streaming,0.0700,0.1206,4739.76,
crosswoz_11730_turn4,crosswoz,zh,11730,4,298,57.49,very_long,streaming,0.0700,0.1128,1560.47,
multiwoz_MUL0183_turn5,multiwoz,en,MUL0183,5,832,57.67,very_long,non-streaming,0.2424,0.1233,3630.57,
multiwoz_MUL0183_turn5,multiwoz,en,MUL0183,5,832,57.67,very_long,streaming,0.1636,0.0851,815.57,
crosswoz_11406_turn5,crosswoz,zh,11406,5,286,57.73,very_long,non-streaming,0.1033,0.1320,4677.01,
crosswoz_11406_turn5,crosswoz,zh,11406,5,286,57.73,very_long,streaming,0.0909,0.1240,754.30,
crosswoz_9080_turn4,crosswoz,zh,9080,4,282,57.75,very_long,non-streaming,0.0625,0.0924,4641.66,
crosswoz_9080_turn4,crosswoz,zh,9080,4,282,57.75,very_long,streaming,0.0583,0.0884,1358.14,
multiwoz_PMUL4254_turn5,multiwoz,en,PMUL4254,5,696,57.88,very_long,non-streaming,0.2713,0.1370,3621.46,
multiwoz_PMUL4254_turn5,multiwoz,en,PMUL4254,5,696,57.88,very_long,streaming,0.2791,0.1280,727.59,
crosswoz_10661_turn5,crosswoz,zh,10661,5,282,57.95,very_long,non-streaming,0.0871,0.1195,4782.49,
crosswoz_10661_turn5,crosswoz,zh,10661,5,282,57.95,very_long,streaming,0.0788,0.1195,1120.94,
crosswoz_11735_turn4,crosswoz,zh,11735,4,266,58.14,very_long,non-streaming,0.0588,0.0857,5437.17,
crosswoz_11735_turn4,crosswoz,zh,11735,4,266,58.14,very_long,streaming,0.0504,0.0980,1604.92,
multiwoz_MUL0023_turn5,multiwoz,en,MUL0023,5,745,58.55,very_long,non-streaming,0.2958,0.1797,3529.50,
multiwoz_MUL0023_turn5,multiwoz,en,MUL0023,5,745,58.55,very_long,streaming,0.2676,0.1602,1261.56,
multiwoz_MUL1191_turn5,multiwoz,en,MUL1191,5,777,58.71,very_long,non-streaming,0.2632,0.1159,3801.38,
multiwoz_MUL1191_turn5,multiwoz,en,MUL1191,5,777,58.71,very_long,streaming,0.2632,0.1173,846.56,
multiwoz_PMUL2175_turn7,multiwoz,en,PMUL2175,7,762,58.89,very_long,non-streaming,0.3546,0.1685,3575.61,
multiwoz_PMUL2175_turn7,multiwoz,en,PMUL2175,7,762,58.89,very_long,streaming,0.3333,0.1603,1175.34,
crosswoz_497_turn6,crosswoz,zh,497,6,279,59.06,very_long,non-streaming,0.0487,0.1037,5061.82,
crosswoz_497_turn6,crosswoz,zh,497,6,279,59.06,very_long,streaming,0.0664,0.1079,680.08,
crosswoz_8672_turn6,crosswoz,zh,8672,6,299,59.12,very_long,non-streaming,0.0467,0.0936,4924.76,
crosswoz_8672_turn6,crosswoz,zh,8672,6,299,59.12,very_long,streaming,0.0506,0.0787,994.03,
crosswoz_9275_turn3,crosswoz,zh,9275,3,278,59.13,very_long,non-streaming,0.0759,0.1551,5390.11,
crosswoz_9275_turn3,crosswoz,zh,9275,3,278,59.13,very_long,streaming,0.0759,0.1265,977.82,
crosswoz_9033_turn5,crosswoz,zh,9033,5,284,59.28,very_long,non-streaming,0.0607,0.0898,4702.51,
crosswoz_9033_turn5,crosswoz,zh,9033,5,284,59.28,very_long,streaming,0.0567,0.0859,1721.20,
crosswoz_10331_turn4,crosswoz,zh,10331,4,299,59.61,very_long,non-streaming,0.0664,0.0913,4756.01,
crosswoz_10331_turn4,crosswoz,zh,10331,4,299,59.61,very_long,streaming,0.0859,0.1179,973.61,
multiwoz_PMUL4031_turn5,multiwoz,en,PMUL4031,5,803,59.73,very_long,non-streaming,0.2329,0.1022,3541.68,
multiwoz_PMUL4031_turn5,multiwoz,en,PMUL4031,5,803,59.73,very_long,streaming,0.1986,0.0983,684.45,
multiwoz_PMUL2590_turn7,multiwoz,en,PMUL2590,7,1029,59.77,very_long,non-streaming,0.3134,0.2673,3672.01,
multiwoz_PMUL2590_turn7,multiwoz,en,PMUL2590,7,1029,59.77,very_long,streaming,0.3035,0.2613,965.69,
multiwoz_MUL2018_turn6,multiwoz,en,MUL2018,6,764,59.91,very_long,non-streaming,0.1824,0.0952,3767.99,
multiwoz_MUL2018_turn6,multiwoz,en,MUL2018,6,764,59.91,very_long,streaming,0.2027,0.0952,1076.55,
