sample_id,dataset,language,dialog_id,turn_index,text_length,audio_duration,duration_group,mode,ttft_ms,asr_time_ms,llm_prefill_time_ms,error
multiwoz_MUL1152_turn2,multiwoz,en,MUL1152,2,185,15.05,long,baseline,1049.89,991.91,57.98,
multiwoz_MUL1152_turn2,multiwoz,en,MUL1152,2,185,15.05,long,streaming_asr_only,780.43,717.26,63.17,
multiwoz_MUL1152_turn2,multiwoz,en,MUL1152,2,185,15.05,long,full_streaming,909.40,820.82,88.58,
multiwoz_PMUL2936_turn2,multiwoz,en,PMUL2936,2,208,15.34,long,baseline,1092.19,1034.57,57.62,
multiwoz_PMUL2936_turn2,multiwoz,en,PMUL2936,2,208,15.34,long,streaming_asr_only,1130.82,1080.79,50.04,
multiwoz_PMUL2936_turn2,multiwoz,en,PMUL2936,2,208,15.34,long,full_streaming,1171.62,1055.00,116.62,
crosswoz_11613_turn2,crosswoz,zh,11613,2,70,15.39,long,baseline,1402.16,1356.94,45.22,
crosswoz_11613_turn2,crosswoz,zh,11613,2,70,15.39,long,streaming_asr_only,991.68,934.70,56.98,
crosswoz_11613_turn2,crosswoz,zh,11613,2,70,15.39,long,full_streaming,1039.84,938.42,101.41,
multiwoz_MUL0084_turn2,multiwoz,en,MUL0084,2,199,15.44,long,baseline,1172.53,1127.41,45.13,
multiwoz_MUL0084_turn2,multiwoz,en,MUL0084,2,199,15.44,long,streaming_asr_only,970.91,909.21,61.70,
multiwoz_MUL0084_turn2,multiwoz,en,MUL0084,2,199,15.44,long,full_streaming,927.15,824.78,102.38,
multiwoz_PMUL2130_turn2,multiwoz,en,PMUL2130,2,207,15.46,long,baseline,1173.67,1114.73,58.94,
multiwoz_PMUL2130_turn2,multiwoz,en,PMUL2130,2,207,15.46,long,streaming_asr_only,719.24,643.01,76.23,
multiwoz_PMUL2130_turn2,multiwoz,en,PMUL2130,2,207,15.46,long,full_streaming,645.98,553.76,92.22,
multiwoz_MUL2174_turn2,multiwoz,en,MUL2174,2,207,15.53,long,baseline,1039.57,993.88,45.69,
multiwoz_MUL2174_turn2,multiwoz,en,MUL2174,2,207,15.53,long,streaming_asr_only,833.49,759.79,73.70,
multiwoz_MUL2174_turn2,multiwoz,en,MUL2174,2,207,15.53,long,full_streaming,865.27,763.52,101.75,
multiwoz_PMUL0460_turn2,multiwoz,en,PMUL0460,2,208,15.57,long,baseline,1192.53,1134.17,58.36,
multiwoz_PMUL0460_turn2,multiwoz,en,PMUL0460,2,208,15.57,long,streaming_asr_only,824.20,751.38,72.82,
multiwoz_PMUL0460_turn2,multiwoz,en,PMUL0460,2,208,15.57,long,full_streaming,849.07,746.67,102.41,
crosswoz_11735_turn2,crosswoz,zh,11735,2,75,15.85,long,baseline,1420.25,1373.91,46.33,
crosswoz_11735_turn2,crosswoz,zh,11735,2,75,15.85,long,streaming_asr_only,817.60,743.18,74.42,
crosswoz_11735_turn2,crosswoz,zh,11735,2,75,15.85,long,full_streaming,824.03,737.70,86.33,
multiwoz_PMUL4612_turn2,multiwoz,en,PMUL4612,2,253,15.92,long,baseline,1177.25,1130.98,46.28,
multiwoz_PMUL4612_turn2,multiwoz,en,PMUL4612,2,253,15.92,long,streaming_asr_only,1359.01,1297.37,61.64,
multiwoz_PMUL4612_turn2,multiwoz,en,PMUL4612,2,253,15.92,long,full_streaming,1369.13,1221.85,147.28,
multiwoz_MUL0076_turn2,multiwoz,en,MUL0076,2,248,16.02,long,baseline,1229.32,1183.16,46.16,
multiwoz_MUL0076_turn2,multiwoz,en,MUL0076,2,248,16.02,long,streaming_asr_only,870.00,811.86,58.14,
multiwoz_MUL0076_turn2,multiwoz,en,MUL0076,2,248,16.02,long,full_streaming,970.06,863.48,106.58,
crosswoz_9200_turn2,crosswoz,zh,9200,2,80,16.20,long,baseline,1455.88,1396.22,59.66,
crosswoz_9200_turn2,crosswoz,zh,9200,2,80,16.20,long,streaming_asr_only,927.91,849.96,77.95,
crosswoz_9200_turn2,crosswoz,zh,9200,2,80,16.20,long,full_streaming,951.61,849.69,101.91,
multiwoz_PMUL3103_turn2,multiwoz,en,PMUL3103,2,195,16.74,long,baseline,1197.65,1141.20,56.45,
multiwoz_PMUL3103_turn2,multiwoz,en,PMUL3103,2,195,16.74,long,streaming_asr_only,1300.65,1237.26,63.40,
multiwoz_PMUL3103_turn2,multiwoz,en,PMUL3103,2,195,16.74,long,full_streaming,1280.72,1174.13,106.59,
multiwoz_MUL2016_turn2,multiwoz,en,MUL2016,2,231,16.75,long,baseline,1080.41,1034.55,45.86,
multiwoz_MUL2016_turn2,multiwoz,en,MUL2016,2,231,16.75,long,streaming_asr_only,828.43,760.47,67.96,
multiwoz_MUL2016_turn2,multiwoz,en,MUL2016,2,231,16.75,long,full_streaming,897.70,812.26,85.45,
crosswoz_12315_turn2,crosswoz,zh,12315,2,85,16.93,long,baseline,1720.85,1662.16,58.69,
crosswoz_12315_turn2,crosswoz,zh,12315,2,85,16.93,long,streaming_asr_only,1563.50,1500.53,62.97,
crosswoz_12315_turn2,crosswoz,zh,12315,2,85,16.93,long,full_streaming,1609.57,1499.51,110.07,
crosswoz_9365_turn2,crosswoz,zh,9365,2,87,16.93,long,baseline,1443.07,1385.24,57.83,
crosswoz_9365_turn2,crosswoz,zh,9365,2,87,16.93,long,streaming_asr_only,1013.37,942.35,71.02,
crosswoz_9365_turn2,crosswoz,zh,9365,2,87,16.93,long,full_streaming,1005.26,901.55,103.72,
multiwoz_PMUL0237_turn3,multiwoz,en,PMUL0237,3,238,16.98,long,baseline,1594.27,1537.98,56.28,
multiwoz_PMUL0237_turn3,multiwoz,en,PMUL0237,3,238,16.98,long,streaming_asr_only,768.48,681.76,86.72,
multiwoz_PMUL0237_turn3,multiwoz,en,PMUL0237,3,238,16.98,long,full_streaming,733.17,642.59,90.58,
multiwoz_PMUL2319_turn2,multiwoz,en,PMUL2319,2,278,17.02,long,baseline,1268.84,1220.59,48.26,
multiwoz_PMUL2319_turn2,multiwoz,en,PMUL2319,2,278,17.02,long,streaming_asr_only,1205.63,1136.63,68.99,
multiwoz_PMUL2319_turn2,multiwoz,en,PMUL2319,2,278,17.02,long,full_streaming,1214.44,1110.74,103.70,
multiwoz_PMUL4499_turn2,multiwoz,en,PMUL4499,2,238,17.09,long,baseline,1087.77,1030.48,57.29,
multiwoz_PMUL4499_turn2,multiwoz,en,PMUL4499,2,238,17.09,long,streaming_asr_only,849.13,785.06,64.07,
multiwoz_PMUL4499_turn2,multiwoz,en,PMUL4499,2,238,17.09,long,full_streaming,862.39,776.15,86.24,
multiwoz_MUL1031_turn2,multiwoz,en,MUL1031,2,243,17.12,long,baseline,1193.69,1136.86,56.83,
multiwoz_MUL1031_turn2,multiwoz,en,MUL1031,2,243,17.12,long,streaming_asr_only,724.86,659.43,65.43,
multiwoz_MUL1031_turn2,multiwoz,en,MUL1031,2,243,17.12,long,full_streaming,824.31,716.93,107.38,
crosswoz_8717_turn2,crosswoz,zh,8717,2,88,17.28,long,baseline,1564.77,1518.82,45.95,
crosswoz_8717_turn2,crosswoz,zh,8717,2,88,17.28,long,streaming_asr_only,1028.76,970.56,58.20,
crosswoz_8717_turn2,crosswoz,zh,8717,2,88,17.28,long,full_streaming,1064.71,976.37,88.34,
crosswoz_9394_turn2,crosswoz,zh,9394,2,77,17.37,long,baseline,1615.67,1560.14,55.54,
crosswoz_9394_turn2,crosswoz,zh,9394,2,77,17.37,long,streaming_asr_only,786.94,718.97,67.97,
crosswoz_9394_turn2,crosswoz,zh,9394,2,77,17.37,long,full_streaming,820.48,737.64,82.85,
multiwoz_MUL1001_turn2,multiwoz,en,MUL1001,2,245,17.38,long,baseline,1255.64,1210.05,45.59,
multiwoz_MUL1001_turn2,multiwoz,en,MUL1001,2,245,17.38,long,streaming_asr_only,1169.30,1089.22,80.08,
multiwoz_MUL1001_turn2,multiwoz,en,MUL1001,2,245,17.38,long,full_streaming,1168.84,1083.95,84.89,
multiwoz_MUL1320_turn3,multiwoz,en,MUL1320,3,244,17.44,long,baseline,1278.11,1220.38,57.73,
multiwoz_MUL1320_turn3,multiwoz,en,MUL1320,3,244,17.44,long,streaming_asr_only,694.30,629.18,65.12,
multiwoz_MUL1320_turn3,multiwoz,en,MUL1320,3,244,17.44,long,full_streaming,737.24,651.71,85.53,
multiwoz_MUL1191_turn2,multiwoz,en,MUL1191,2,248,17.54,long,baseline,1244.63,1199.87,44.76,
multiwoz_MUL1191_turn2,multiwoz,en,MUL1191,2,248,17.54,long,streaming_asr_only,1135.31,1070.74,64.57,
multiwoz_MUL1191_turn2,multiwoz,en,MUL1191,2,248,17.54,long,full_streaming,1178.53,1092.72,85.81,
crosswoz_10382_turn2,crosswoz,zh,10382,2,87,17.61,long,baseline,1554.15,1508.50,45.65,
crosswoz_10382_turn2,crosswoz,zh,10382,2,87,17.61,long,streaming_asr_only,756.56,691.75,64.81,
crosswoz_10382_turn2,crosswoz,zh,10382,2,87,17.61,long,full_streaming,792.43,705.24,87.18,
crosswoz_7310_turn2,crosswoz,zh,7310,2,89,17.80,long,baseline,1598.06,1541.09,56.97,
crosswoz_7310_turn2,crosswoz,zh,7310,2,89,17.80,long,streaming_asr_only,1406.31,1331.48,74.83,
crosswoz_7310_turn2,crosswoz,zh,7310,2,89,17.80,long,full_streaming,1397.21,1306.20,91.01,
crosswoz_10661_turn2,crosswoz,zh,10661,2,92,18.02,long,baseline,1661.14,1616.01,45.13,
crosswoz_10661_turn2,crosswoz,zh,10661,2,92,18.02,long,streaming_asr_only,1799.12,1735.80,63.32,
crosswoz_10661_turn2,crosswoz,zh,10661,2,92,18.02,long,full_streaming,1913.25,1794.72,118.53,
crosswoz_7701_turn2,crosswoz,zh,7701,2,90,18.11,long,baseline,1537.19,1477.83,59.36,
crosswoz_7701_turn2,crosswoz,zh,7701,2,90,18.11,long,streaming_asr_only,977.68,910.67,67.01,
crosswoz_7701_turn2,crosswoz,zh,7701,2,90,18.11,long,full_streaming,1007.48,919.38,88.10,
crosswoz_9956_turn3,crosswoz,zh,9956,3,83,18.11,long,baseline,1604.46,1547.48,56.98,
crosswoz_9956_turn3,crosswoz,zh,9956,3,83,18.11,long,streaming_asr_only,668.47,601.19,67.28,
crosswoz_9956_turn3,crosswoz,zh,9956,3,83,18.11,long,full_streaming,651.76,567.14,84.62,
crosswoz_8424_turn2,crosswoz,zh,8424,2,89,18.34,long,baseline,1517.36,1460.22,57.13,
crosswoz_8424_turn2,crosswoz,zh,8424,2,89,18.34,long,streaming_asr_only,983.52,914.76,68.76,
crosswoz_8424_turn2,crosswoz,zh,8424,2,89,18.34,long,full_streaming,1023.71,937.82,85.89,
multiwoz_MUL1459_turn2,multiwoz,en,MUL1459,2,285,18.38,long,baseline,1383.21,1337.81,45.40,
multiwoz_MUL1459_turn2,multiwoz,en,MUL1459,2,285,18.38,long,streaming_asr_only,910.18,841.81,68.37,
multiwoz_MUL1459_turn2,multiwoz,en,MUL1459,2,285,18.38,long,full_streaming,922.98,833.49,89.48,
multiwoz_PMUL2175_turn2,multiwoz,en,PMUL2175,2,289,18.65,long,baseline,1268.38,1209.24,59.14,
multiwoz_PMUL2175_turn2,multiwoz,en,PMUL2175,2,289,18.65,long,streaming_asr_only,1059.53,1003.24,56.29,
multiwoz_PMUL2175_turn2,multiwoz,en,PMUL2175,2,289,18.65,long,full_streaming,1129.67,1022.49,107.18,
crosswoz_11406_turn2,crosswoz,zh,11406,2,92,18.89,long,baseline,1558.53,1499.73,58.80,
crosswoz_11406_turn2,crosswoz,zh,11406,2,92,18.89,long,streaming_asr_only,744.34,681.07,63.27,
crosswoz_11406_turn2,crosswoz,zh,11406,2,92,18.89,long,full_streaming,771.97,684.42,87.55,
multiwoz_MUL2157_turn2,multiwoz,en,MUL2157,2,269,18.92,long,baseline,1412.94,1367.36,45.59,
multiwoz_MUL2157_turn2,multiwoz,en,MUL2157,2,269,18.92,long,streaming_asr_only,979.37,915.77,63.59,
multiwoz_MUL2157_turn2,multiwoz,en,MUL2157,2,269,18.92,long,full_streaming,1008.37,919.56,88.81,
multiwoz_MUL1330_turn2,multiwoz,en,MUL1330,2,302,18.99,long,baseline,1332.75,1275.62,57.13,
multiwoz_MUL1330_turn2,multiwoz,en,MUL1330,2,302,18.99,long,streaming_asr_only,1414.37,1351.65,62.72,
multiwoz_MUL1330_turn2,multiwoz,en,MUL1330,2,302,18.99,long,full_streaming,1548.26,1445.69,102.57,
crosswoz_497_turn2,crosswoz,zh,497,2,98,19.02,long,baseline,1786.20,1724.14,62.05,
crosswoz_497_turn2,crosswoz,zh,497,2,98,19.02,long,streaming_asr_only,1530.13,1464.72,65.41,
crosswoz_497_turn2,crosswoz,zh,497,2,98,19.02,long,full_streaming,1537.26,1436.30,100.96,
crosswoz_10197_turn2,crosswoz,zh,10197,2,98,19.05,long,baseline,1674.66,1630.16,44.50,
crosswoz_10197_turn2,crosswoz,zh,10197,2,98,19.05,long,streaming_asr_only,1773.18,1703.67,69.51,
crosswoz_10197_turn2,crosswoz,zh,10197,2,98,19.05,long,full_streaming,1794.46,1669.57,124.89,
crosswoz_962_turn2,crosswoz,zh,962,2,93,19.21,long,baseline,1623.53,1565.50,58.03,
crosswoz_962_turn2,crosswoz,zh,962,2,93,19.21,long,streaming_asr_only,1107.10,1035.72,71.38,
crosswoz_962_turn2,crosswoz,zh,962,2,93,19.21,long,full_streaming,1004.72,918.97,85.75,
multiwoz_MUL1003_turn3,multiwoz,en,MUL1003,3,297,19.24,long,baseline,1405.59,1359.47,46.11,
multiwoz_MUL1003_turn3,multiwoz,en,MUL1003,3,297,19.24,long,streaming_asr_only,794.23,731.00,63.23,
multiwoz_MUL1003_turn3,multiwoz,en,MUL1003,3,297,19.24,long,full_streaming,829.19,741.32,87.87,
crosswoz_2228_turn2,crosswoz,zh,2228,2,93,19.46,long,baseline,1709.73,1652.84,56.89,
crosswoz_2228_turn2,crosswoz,zh,2228,2,93,19.46,long,streaming_asr_only,922.32,857.22,65.11,
crosswoz_2228_turn2,crosswoz,zh,2228,2,93,19.46,long,full_streaming,892.88,805.00,87.88,
crosswoz_10574_turn2,crosswoz,zh,10574,2,93,19.47,long,baseline,1557.27,1499.63,57.64,
crosswoz_10574_turn2,crosswoz,zh,10574,2,93,19.47,long,streaming_asr_only,1269.40,1204.46,64.95,
crosswoz_10574_turn2,crosswoz,zh,10574,2,93,19.47,long,full_streaming,1210.41,1109.87,100.54,
crosswoz_422_turn2,crosswoz,zh,422,2,98,19.48,long,baseline,1677.37,1618.16,59.20,
crosswoz_422_turn2,crosswoz,zh,422,2,98,19.48,long,streaming_asr_only,1187.09,1130.96,56.12,
crosswoz_422_turn2,crosswoz,zh,422,2,98,19.48,long,full_streaming,1280.02,1189.80,90.23,
multiwoz_MUL0789_turn2,multiwoz,en,MUL0789,2,256,19.52,long,baseline,1429.25,1371.64,57.61,
multiwoz_MUL0789_turn2,multiwoz,en,MUL0789,2,256,19.52,long,streaming_asr_only,869.17,791.81,77.36,
multiwoz_MUL0789_turn2,multiwoz,en,MUL0789,2,256,19.52,long,full_streaming,858.34,772.83,85.51,
multiwoz_PMUL0322_turn3,multiwoz,en,PMUL0322,3,283,19.80,long,baseline,1508.93,1445.32,63.61,
multiwoz_PMUL0322_turn3,multiwoz,en,PMUL0322,3,283,19.80,long,streaming_asr_only,811.00,746.73,64.27,
multiwoz_PMUL0322_turn3,multiwoz,en,PMUL0322,3,283,19.80,long,full_streaming,768.15,683.64,84.51,
multiwoz_MUL0711_turn2,multiwoz,en,MUL0711,2,262,19.82,long,baseline,1291.33,1233.91,57.42,
multiwoz_MUL0711_turn2,multiwoz,en,MUL0711,2,262,19.82,long,streaming_asr_only,1016.79,955.33,61.46,
multiwoz_MUL0711_turn2,multiwoz,en,MUL0711,2,262,19.82,long,full_streaming,1127.91,1043.29,84.62,
crosswoz_7196_turn2,crosswoz,zh,7196,2,102,19.83,long,baseline,2224.38,2150.93,73.45,
crosswoz_7196_turn2,crosswoz,zh,7196,2,102,19.83,long,streaming_asr_only,1864.74,1795.60,69.14,
crosswoz_7196_turn2,crosswoz,zh,7196,2,102,19.83,long,full_streaming,2065.54,1914.16,151.38,
multiwoz_MUL0666_turn2,multiwoz,en,MUL0666,2,284,19.86,long,baseline,1360.27,1300.59,59.68,
multiwoz_MUL0666_turn2,multiwoz,en,MUL0666,2,284,19.86,long,streaming_asr_only,1001.43,934.64,66.79,
multiwoz_MUL0666_turn2,multiwoz,en,MUL0666,2,284,19.86,long,full_streaming,956.09,851.24,104.85,
multiwoz_MUL0641_turn2,multiwoz,en,MUL0641,2,299,20.17,long,baseline,1474.66,1417.97,56.69,
multiwoz_MUL0641_turn2,multiwoz,en,MUL0641,2,299,20.17,long,streaming_asr_only,1584.00,1522.05,61.94,
multiwoz_MUL0641_turn2,multiwoz,en,MUL0641,2,299,20.17,long,full_streaming,1627.78,1525.75,102.04,
crosswoz_1101_turn2,crosswoz,zh,1101,2,94,20.52,long,baseline,1826.00,1767.43,58.57,
crosswoz_1101_turn2,crosswoz,zh,1101,2,94,20.52,long,streaming_asr_only,678.40,612.98,65.42,
crosswoz_1101_turn2,crosswoz,zh,1101,2,94,20.52,long,full_streaming,795.73,708.98,86.74,
multiwoz_PMUL0237_turn4,multiwoz,en,PMUL0237,4,323,20.55,long,baseline,1514.39,1468.14,46.26,
multiwoz_PMUL0237_turn4,multiwoz,en,PMUL0237,4,323,20.55,long,streaming_asr_only,1588.01,1528.32,59.69,
multiwoz_PMUL0237_turn4,multiwoz,en,PMUL0237,4,323,20.55,long,full_streaming,1681.15,1580.38,100.77,
crosswoz_8707_turn2,crosswoz,zh,8707,2,96,20.62,long,baseline,1710.15,1651.03,59.12,
crosswoz_8707_turn2,crosswoz,zh,8707,2,96,20.62,long,streaming_asr_only,1873.70,1813.53,60.17,
crosswoz_8707_turn2,crosswoz,zh,8707,2,96,20.62,long,full_streaming,1817.89,1717.96,99.93,
crosswoz_8907_turn2,crosswoz,zh,8907,2,108,20.70,long,baseline,1805.01,1744.14,60.87,
crosswoz_8907_turn2,crosswoz,zh,8907,2,108,20.70,long,streaming_asr_only,1868.00,1805.60,62.40,
crosswoz_8907_turn2,crosswoz,zh,8907,2,108,20.70,long,full_streaming,1931.72,1829.10,102.62,
multiwoz_MUL1215_turn2,multiwoz,en,MUL1215,2,220,20.93,long,baseline,1336.89,1279.60,57.29,
multiwoz_MUL1215_turn2,multiwoz,en,MUL1215,2,220,20.93,long,streaming_asr_only,1474.15,1403.57,70.58,
multiwoz_MUL1215_turn2,multiwoz,en,MUL1215,2,220,20.93,long,full_streaming,1521.68,1415.49,106.18,
multiwoz_MUL1353_turn2,multiwoz,en,MUL1353,2,289,21.07,long,baseline,1438.79,1381.58,57.21,
multiwoz_MUL1353_turn2,multiwoz,en,MUL1353,2,289,21.07,long,streaming_asr_only,987.13,914.97,72.17,
multiwoz_MUL1353_turn2,multiwoz,en,MUL1353,2,289,21.07,long,full_streaming,994.32,911.71,82.61,
multiwoz_PMUL2590_turn3,multiwoz,en,PMUL2590,3,294,21.14,long,baseline,1441.22,1378.67,62.55,
multiwoz_PMUL2590_turn3,multiwoz,en,PMUL2590,3,294,21.14,long,streaming_asr_only,934.05,873.31,60.74,
multiwoz_PMUL2590_turn3,multiwoz,en,PMUL2590,3,294,21.14,long,full_streaming,907.97,816.83,91.15,
crosswoz_11334_turn2,crosswoz,zh,11334,2,103,21.25,long,baseline,1892.35,1834.99,57.36,
crosswoz_11334_turn2,crosswoz,zh,11334,2,103,21.25,long,streaming_asr_only,1300.85,1238.22,62.63,
crosswoz_11334_turn2,crosswoz,zh,11334,2,103,21.25,long,full_streaming,1318.44,1235.85,82.59,
crosswoz_10749_turn2,crosswoz,zh,10749,2,103,21.50,long,baseline,1878.84,1823.09,55.75,
crosswoz_10749_turn2,crosswoz,zh,10749,2,103,21.50,long,streaming_asr_only,1283.50,1207.08,76.42,
crosswoz_10749_turn2,crosswoz,zh,10749,2,103,21.50,long,full_streaming,1284.53,1199.72,84.81,
multiwoz_PMUL2296_turn2,multiwoz,en,PMUL2296,2,326,21.51,long,baseline,1427.75,1377.12,50.62,
multiwoz_PMUL2296_turn2,multiwoz,en,PMUL2296,2,326,21.51,long,streaming_asr_only,874.80,808.77,66.03,
multiwoz_PMUL2296_turn2,multiwoz,en,PMUL2296,2,326,21.51,long,full_streaming,916.64,832.15,84.49,
crosswoz_9577_turn2,crosswoz,zh,9577,2,109,21.77,long,baseline,1790.37,1730.39,59.98,
crosswoz_9577_turn2,crosswoz,zh,9577,2,109,21.77,long,streaming_asr_only,1135.97,1070.87,65.10,
crosswoz_9577_turn2,crosswoz,zh,9577,2,109,21.77,long,full_streaming,1141.44,1052.08,89.36,
crosswoz_9173_turn2,crosswoz,zh,9173,2,110,22.05,long,baseline,1684.60,1623.64,60.96,
crosswoz_9173_turn2,crosswoz,zh,9173,2,110,22.05,long,streaming_asr_only,1154.89,1090.84,64.05,
crosswoz_9173_turn2,crosswoz,zh,9173,2,110,22.05,long,full_streaming,1203.72,1112.49,91.23,
multiwoz_MUL0176_turn3,multiwoz,en,MUL0176,3,360,22.07,long,baseline,1512.28,1465.79,46.48,
multiwoz_MUL0176_turn3,multiwoz,en,MUL0176,3,360,22.07,long,streaming_asr_only,1228.59,1163.66,64.93,
multiwoz_MUL0176_turn3,multiwoz,en,MUL0176,3,360,22.07,long,full_streaming,1283.25,1193.92,89.33,
multiwoz_MUL0084_turn3,multiwoz,en,MUL0084,3,285,22.15,long,baseline,1529.02,1482.91,46.10,
multiwoz_MUL0084_turn3,multiwoz,en,MUL0084,3,285,22.15,long,streaming_asr_only,923.63,853.77,69.85,
multiwoz_MUL0084_turn3,multiwoz,en,MUL0084,3,285,22.15,long,full_streaming,937.20,850.02,87.18,
crosswoz_11730_turn2,crosswoz,zh,11730,2,112,22.45,long,baseline,1867.08,1813.42,53.67,
crosswoz_11730_turn2,crosswoz,zh,11730,2,112,22.45,long,streaming_asr_only,1086.19,1020.29,65.90,
crosswoz_11730_turn2,crosswoz,zh,11730,2,112,22.45,long,full_streaming,1103.71,1016.49,87.22,
crosswoz_10331_turn2,crosswoz,zh,10331,2,113,22.48,long,baseline,1842.50,1784.62,57.88,
crosswoz_10331_turn2,crosswoz,zh,10331,2,113,22.48,long,streaming_asr_only,1130.62,1068.54,62.08,
crosswoz_10331_turn2,crosswoz,zh,10331,2,113,22.48,long,full_streaming,1205.99,1081.88,124.11,
multiwoz_MUL1332_turn3,multiwoz,en,MUL1332,3,286,22.52,long,baseline,1616.29,1569.51,46.78,
multiwoz_MUL1332_turn3,multiwoz,en,MUL1332,3,286,22.52,long,streaming_asr_only,1202.08,1139.57,62.51,
multiwoz_MUL1332_turn3,multiwoz,en,MUL1332,3,286,22.52,long,full_streaming,1271.15,1163.64,107.51,
multiwoz_PMUL1904_turn3,multiwoz,en,PMUL1904,3,293,22.54,long,baseline,1546.07,1485.71,60.36,
multiwoz_PMUL1904_turn3,multiwoz,en,PMUL1904,3,293,22.54,long,streaming_asr_only,877.67,810.25,67.42,
multiwoz_PMUL1904_turn3,multiwoz,en,PMUL1904,3,293,22.54,long,full_streaming,1025.61,941.73,83.88,
multiwoz_PMUL1745_turn3,multiwoz,en,PMUL1745,3,314,22.56,long,baseline,1503.41,1456.89,46.52,
multiwoz_PMUL1745_turn3,multiwoz,en,PMUL1745,3,314,22.56,long,streaming_asr_only,713.18,639.37,73.81,
multiwoz_PMUL1745_turn3,multiwoz,en,PMUL1745,3,314,22.56,long,full_streaming,729.38,619.17,110.21,
multiwoz_MUL2018_turn3,multiwoz,en,MUL2018,3,323,22.81,long,baseline,1554.61,1503.78,50.83,
multiwoz_MUL2018_turn3,multiwoz,en,MUL2018,3,323,22.81,long,streaming_asr_only,849.84,773.57,76.27,
multiwoz_MUL2018_turn3,multiwoz,en,MUL2018,3,323,22.81,long,full_streaming,860.76,767.43,93.33,
crosswoz_98_turn2,crosswoz,zh,98,2,104,22.87,long,baseline,1932.21,1889.37,42.84,
crosswoz_98_turn2,crosswoz,zh,98,2,104,22.87,long,streaming_asr_only,849.16,782.32,66.84,
crosswoz_98_turn2,crosswoz,zh,98,2,104,22.87,long,full_streaming,873.53,780.98,92.55,
crosswoz_10040_turn2,crosswoz,zh,10040,2,112,22.91,long,baseline,1916.41,1871.01,45.41,
crosswoz_10040_turn2,crosswoz,zh,10040,2,112,22.91,long,streaming_asr_only,951.24,878.39,72.85,
crosswoz_10040_turn2,crosswoz,zh,10040,2,112,22.91,long,full_streaming,979.75,896.03,83.73,
multiwoz_MUL0183_turn2,multiwoz,en,MUL0183,2,343,23.18,long,baseline,1515.31,1469.11,46.20,
multiwoz_MUL0183_turn2,multiwoz,en,MUL0183,2,343,23.18,long,streaming_asr_only,696.05,630.21,65.83,
multiwoz_MUL0183_turn2,multiwoz,en,MUL0183,2,343,23.18,long,full_streaming,743.19,654.03,89.16,
multiwoz_PMUL2034_turn2,multiwoz,en,PMUL2034,2,348,23.42,long,baseline,1497.47,1452.91,44.56,
multiwoz_PMUL2034_turn2,multiwoz,en,PMUL2034,2,348,23.42,long,streaming_asr_only,1173.45,1110.23,63.22,
multiwoz_PMUL2034_turn2,multiwoz,en,PMUL2034,2,348,23.42,long,full_streaming,1240.10,1155.03,85.08,
multiwoz_MUL0874_turn3,multiwoz,en,MUL0874,3,344,23.46,long,baseline,1828.99,1767.73,61.25,
multiwoz_MUL0874_turn3,multiwoz,en,MUL0874,3,344,23.46,long,streaming_asr_only,1283.40,1218.94,64.46,
multiwoz_MUL0874_turn3,multiwoz,en,MUL0874,3,344,23.46,long,full_streaming,1240.47,1157.06,83.41,
multiwoz_PMUL4612_turn3,multiwoz,en,PMUL4612,3,362,23.52,long,baseline,1636.84,1576.01,60.83,
multiwoz_PMUL4612_turn3,multiwoz,en,PMUL4612,3,362,23.52,long,streaming_asr_only,1063.31,999.97,63.34,
multiwoz_PMUL4612_turn3,multiwoz,en,PMUL4612,3,362,23.52,long,full_streaming,932.20,841.82,90.38,
crosswoz_11361_turn2,crosswoz,zh,11361,2,120,23.64,long,baseline,2108.31,2048.70,59.61,
crosswoz_11361_turn2,crosswoz,zh,11361,2,120,23.64,long,streaming_asr_only,1557.08,1492.84,64.24,
crosswoz_11361_turn2,crosswoz,zh,11361,2,120,23.64,long,full_streaming,1588.77,1499.57,89.20,
multiwoz_PMUL2936_turn3,multiwoz,en,PMUL2936,3,329,23.88,long,baseline,1622.06,1548.25,73.81,
multiwoz_PMUL2936_turn3,multiwoz,en,PMUL2936,3,329,23.88,long,streaming_asr_only,1580.23,1511.65,68.58,
multiwoz_PMUL2936_turn3,multiwoz,en,PMUL2936,3,329,23.88,long,full_streaming,1574.49,1489.29,85.20,
multiwoz_PMUL0085_turn3,multiwoz,en,PMUL0085,3,321,24.01,long,baseline,1380.12,1323.34,56.77,
multiwoz_PMUL0085_turn3,multiwoz,en,PMUL0085,3,321,24.01,long,streaming_asr_only,1018.23,942.06,76.17,
multiwoz_PMUL0085_turn3,multiwoz,en,PMUL0085,3,321,24.01,long,full_streaming,999.76,910.47,89.29,
crosswoz_11613_turn3,crosswoz,zh,11613,3,112,24.09,long,baseline,2002.83,1944.61,58.22,
crosswoz_11613_turn3,crosswoz,zh,11613,3,112,24.09,long,streaming_asr_only,707.79,643.97,63.83,
crosswoz_11613_turn3,crosswoz,zh,11613,3,112,24.09,long,full_streaming,743.26,654.86,88.40,
crosswoz_8202_turn2,crosswoz,zh,8202,2,117,24.22,long,baseline,1855.54,1806.42,49.12,
crosswoz_8202_turn2,crosswoz,zh,8202,2,117,24.22,long,streaming_asr_only,1232.60,1172.04,60.56,
crosswoz_8202_turn2,crosswoz,zh,8202,2,117,24.22,long,full_streaming,1211.60,1126.42,85.18,
multiwoz_PMUL4499_turn3,multiwoz,en,PMUL4499,3,433,24.29,long,baseline,1821.12,1762.40,58.73,
multiwoz_PMUL4499_turn3,multiwoz,en,PMUL4499,3,433,24.29,long,streaming_asr_only,654.69,591.55,63.14,
multiwoz_PMUL4499_turn3,multiwoz,en,PMUL4499,3,433,24.29,long,full_streaming,670.57,581.51,89.06,
multiwoz_PMUL4885_turn3,multiwoz,en,PMUL4885,3,331,24.40,long,baseline,1638.15,1591.28,46.88,
multiwoz_PMUL4885_turn3,multiwoz,en,PMUL4885,3,331,24.40,long,streaming_asr_only,1188.33,1124.81,63.52,
multiwoz_PMUL4885_turn3,multiwoz,en,PMUL4885,3,331,24.40,long,full_streaming,1285.59,1184.73,100.86,
crosswoz_12298_turn2,crosswoz,zh,12298,2,122,24.58,long,baseline,2023.86,1955.46,68.41,
crosswoz_12298_turn2,crosswoz,zh,12298,2,122,24.58,long,streaming_asr_only,1200.80,1137.08,63.72,
crosswoz_12298_turn2,crosswoz,zh,12298,2,122,24.58,long,full_streaming,1209.78,1120.29,89.49,
multiwoz_MUL0183_turn3,multiwoz,en,MUL0183,3,439,24.71,long,baseline,1774.31,1727.82,46.49,
multiwoz_MUL0183_turn3,multiwoz,en,MUL0183,3,439,24.71,long,streaming_asr_only,1316.59,1250.93,65.65,
multiwoz_MUL0183_turn3,multiwoz,en,MUL0183,3,439,24.71,long,full_streaming,1351.04,1265.02,86.02,
multiwoz_MUL1203_turn3,multiwoz,en,MUL1203,3,405,25.05,long,baseline,1683.53,1635.66,47.87,
multiwoz_MUL1203_turn3,multiwoz,en,MUL1203,3,405,25.05,long,streaming_asr_only,956.30,872.72,83.58,
multiwoz_MUL1203_turn3,multiwoz,en,MUL1203,3,405,25.05,long,full_streaming,909.21,823.02,86.18,
crosswoz_9033_turn2,crosswoz,zh,9033,2,119,25.30,long,baseline,2811.68,2737.30,74.38,
crosswoz_9033_turn2,crosswoz,zh,9033,2,119,25.30,long,streaming_asr_only,928.14,862.80,65.34,
crosswoz_9033_turn2,crosswoz,zh,9033,2,119,25.30,long,full_streaming,953.60,868.27,85.33,
multiwoz_MUL1191_turn3,multiwoz,en,MUL1191,3,372,25.46,long,baseline,1814.75,1768.40,46.34,
multiwoz_MUL1191_turn3,multiwoz,en,MUL1191,3,372,25.46,long,streaming_asr_only,1700.81,1635.02,65.79,
multiwoz_MUL1191_turn3,multiwoz,en,MUL1191,3,372,25.46,long,full_streaming,1685.47,1594.09,91.38,
multiwoz_MUL2174_turn3,multiwoz,en,MUL2174,3,302,25.60,long,baseline,1831.77,1774.59,57.18,
multiwoz_MUL2174_turn3,multiwoz,en,MUL2174,3,302,25.60,long,streaming_asr_only,754.50,687.16,67.33,
multiwoz_MUL2174_turn3,multiwoz,en,MUL2174,3,302,25.60,long,full_streaming,742.01,657.50,84.50,
crosswoz_497_turn3,crosswoz,zh,497,3,131,25.65,long,baseline,2109.38,2055.67,53.71,
crosswoz_497_turn3,crosswoz,zh,497,3,131,25.65,long,streaming_asr_only,682.02,619.05,62.97,
crosswoz_497_turn3,crosswoz,zh,497,3,131,25.65,long,full_streaming,737.13,650.08,87.05,
crosswoz_11406_turn3,crosswoz,zh,11406,3,128,25.67,long,baseline,2075.83,2016.59,59.24,
crosswoz_11406_turn3,crosswoz,zh,11406,3,128,25.67,long,streaming_asr_only,759.43,688.18,71.24,
crosswoz_11406_turn3,crosswoz,zh,11406,3,128,25.67,long,full_streaming,799.97,714.80,85.17,
crosswoz_12299_turn2,crosswoz,zh,12299,2,122,25.69,long,baseline,2097.95,2048.52,49.43,
crosswoz_12299_turn2,crosswoz,zh,12299,2,122,25.69,long,streaming_asr_only,1097.92,1033.44,64.48,
crosswoz_12299_turn2,crosswoz,zh,12299,2,122,25.69,long,full_streaming,1113.25,1008.41,104.85,
crosswoz_3145_turn2,crosswoz,zh,3145,2,123,25.75,long,baseline,2158.90,2103.52,55.39,
crosswoz_3145_turn2,crosswoz,zh,3145,2,123,25.75,long,streaming_asr_only,1515.01,1447.22,67.79,
crosswoz_3145_turn2,crosswoz,zh,3145,2,123,25.75,long,full_streaming,1473.17,1385.75,87.42,
crosswoz_9365_turn3,crosswoz,zh,9365,3,137,25.87,long,baseline,2077.12,2017.40,59.72,
crosswoz_9365_turn3,crosswoz,zh,9365,3,137,25.87,long,streaming_asr_only,717.80,650.67,67.13,
crosswoz_9365_turn3,crosswoz,zh,9365,3,137,25.87,long,full_streaming,791.43,704.38,87.05,
crosswoz_10382_turn3,crosswoz,zh,10382,3,138,26.17,long,baseline,2138.39,2087.76,50.63,
crosswoz_10382_turn3,crosswoz,zh,10382,3,138,26.17,long,streaming_asr_only,1144.95,1081.01,63.94,
crosswoz_10382_turn3,crosswoz,zh,10382,3,138,26.17,long,full_streaming,1069.12,962.03,107.09,
multiwoz_PMUL4031_turn3,multiwoz,en,PMUL4031,3,391,26.30,long,baseline,1717.65,1659.31,58.33,
multiwoz_PMUL4031_turn3,multiwoz,en,PMUL4031,3,391,26.30,long,streaming_asr_only,913.43,848.47,64.96,
multiwoz_PMUL4031_turn3,multiwoz,en,PMUL4031,3,391,26.30,long,full_streaming,941.65,851.85,89.80,
multiwoz_PMUL4254_turn3,multiwoz,en,PMUL4254,3,337,26.49,long,baseline,1740.55,1683.21,57.34,
multiwoz_PMUL4254_turn3,multiwoz,en,PMUL4254,3,337,26.49,long,streaming_asr_only,940.17,873.04,67.13,
multiwoz_PMUL4254_turn3,multiwoz,en,PMUL4254,3,337,26.49,long,full_streaming,956.77,870.39,86.38,
crosswoz_8424_turn3,crosswoz,zh,8424,3,182,26.51,long,baseline,2175.46,2117.64,57.82,
crosswoz_8424_turn3,crosswoz,zh,8424,3,182,26.51,long,streaming_asr_only,1504.25,1444.88,59.38,
crosswoz_8424_turn3,crosswoz,zh,8424,3,182,26.51,long,full_streaming,1502.84,1418.95,83.88,
crosswoz_8672_turn2,crosswoz,zh,8672,2,125,26.59,long,baseline,2100.80,2042.98,57.83,
crosswoz_8672_turn2,crosswoz,zh,8672,2,125,26.59,long,streaming_asr_only,730.62,649.98,80.64,
crosswoz_8672_turn2,crosswoz,zh,8672,2,125,26.59,long,full_streaming,747.21,664.59,82.62,
multiwoz_PMUL0460_turn3,multiwoz,en,PMUL0460,3,353,26.62,long,baseline,1755.62,1702.60,53.02,
multiwoz_PMUL0460_turn3,multiwoz,en,PMUL0460,3,353,26.62,long,streaming_asr_only,735.71,659.23,76.48,
multiwoz_PMUL0460_turn3,multiwoz,en,PMUL0460,3,353,26.62,long,full_streaming,790.07,705.69,84.38,
crosswoz_10296_turn2,crosswoz,zh,10296,2,121,26.67,long,baseline,2104.12,2045.69,58.42,
crosswoz_10296_turn2,crosswoz,zh,10296,2,121,26.67,long,streaming_asr_only,918.71,848.23,70.48,
crosswoz_10296_turn2,crosswoz,zh,10296,2,121,26.67,long,full_streaming,955.38,870.38,85.00,
crosswoz_8707_turn3,crosswoz,zh,8707,3,161,26.68,long,baseline,2102.82,2051.85,50.97,
crosswoz_8707_turn3,crosswoz,zh,8707,3,161,26.68,long,streaming_asr_only,891.17,828.16,63.00,
crosswoz_8707_turn3,crosswoz,zh,8707,3,161,26.68,long,full_streaming,983.58,885.62,97.96,
multiwoz_MUL1332_turn4,multiwoz,en,MUL1332,4,344,26.85,long,baseline,1763.63,1713.88,49.75,
multiwoz_MUL1332_turn4,multiwoz,en,MUL1332,4,344,26.85,long,streaming_asr_only,1060.93,996.20,64.72,
multiwoz_MUL1332_turn4,multiwoz,en,MUL1332,4,344,26.85,long,full_streaming,1038.46,955.93,82.52,
multiwoz_PMUL2130_turn3,multiwoz,en,PMUL2130,3,403,26.89,long,baseline,1734.10,1690.00,44.10,
multiwoz_PMUL2130_turn3,multiwoz,en,PMUL2130,3,403,26.89,long,streaming_asr_only,855.10,799.74,55.36,
multiwoz_PMUL2130_turn3,multiwoz,en,PMUL2130,3,403,26.89,long,full_streaming,844.12,758.70,85.42,
multiwoz_MUL0711_turn3,multiwoz,en,MUL0711,3,364,27.05,long,baseline,1714.63,1656.19,58.44,
multiwoz_MUL0711_turn3,multiwoz,en,MUL0711,3,364,27.05,long,streaming_asr_only,1813.27,1751.93,61.34,
multiwoz_MUL0711_turn3,multiwoz,en,MUL0711,3,364,27.05,long,full_streaming,1866.59,1769.65,96.94,
multiwoz_MUL1320_turn4,multiwoz,en,MUL1320,4,350,27.13,long,baseline,1807.66,1761.22,46.44,
multiwoz_MUL1320_turn4,multiwoz,en,MUL1320,4,350,27.13,long,streaming_asr_only,1307.79,1241.31,66.49,
multiwoz_MUL1320_turn4,multiwoz,en,MUL1320,4,350,27.13,long,full_streaming,1317.49,1234.38,83.11,
crosswoz_9138_turn3,crosswoz,zh,9138,3,138,27.14,long,baseline,2303.99,2245.25,58.74,
crosswoz_9138_turn3,crosswoz,zh,9138,3,138,27.14,long,streaming_asr_only,930.59,866.63,63.95,
crosswoz_9138_turn3,crosswoz,zh,9138,3,138,27.14,long,full_streaming,953.52,870.47,83.04,
crosswoz_9080_turn2,crosswoz,zh,9080,2,132,27.38,long,baseline,2158.98,2100.91,58.07,
crosswoz_9080_turn2,crosswoz,zh,9080,2,132,27.38,long,streaming_asr_only,1539.22,1475.16,64.06,
crosswoz_9080_turn2,crosswoz,zh,9080,2,132,27.38,long,full_streaming,1578.35,1493.80,84.55,
crosswoz_10574_turn3,crosswoz,zh,10574,3,142,27.89,long,baseline,2209.70,2151.73,57.97,
crosswoz_10574_turn3,crosswoz,zh,10574,3,142,27.89,long,streaming_asr_only,903.63,845.27,58.36,
crosswoz_10574_turn3,crosswoz,zh,10574,3,142,27.89,long,full_streaming,975.98,892.88,83.10,
multiwoz_MUL1459_turn3,multiwoz,en,MUL1459,3,381,27.90,long,baseline,2240.57,2169.83,70.74,
multiwoz_MUL1459_turn3,multiwoz,en,MUL1459,3,381,27.90,long,streaming_asr_only,994.76,924.58,70.18,
multiwoz_MUL1459_turn3,multiwoz,en,MUL1459,3,381,27.90,long,full_streaming,973.65,885.68,87.97,
multiwoz_MUL0076_turn3,multiwoz,en,MUL0076,3,402,28.07,long,baseline,1778.21,1732.15,46.06,
multiwoz_MUL0076_turn3,multiwoz,en,MUL0076,3,402,28.07,long,streaming_asr_only,1161.33,1084.25,77.08,
multiwoz_MUL0076_turn3,multiwoz,en,MUL0076,3,402,28.07,long,full_streaming,1180.06,1096.21,83.85,
crosswoz_422_turn3,crosswoz,zh,422,3,138,28.21,long,baseline,2063.08,2014.12,48.96,
crosswoz_422_turn3,crosswoz,zh,422,3,138,28.21,long,streaming_asr_only,877.43,772.02,105.41,
crosswoz_422_turn3,crosswoz,zh,422,3,138,28.21,long,full_streaming,902.65,818.65,84.00,
crosswoz_11893_turn2,crosswoz,zh,11893,2,141,28.63,long,baseline,2201.23,2138.23,63.01,
crosswoz_11893_turn2,crosswoz,zh,11893,2,141,28.63,long,streaming_asr_only,1256.18,1191.49,64.69,
crosswoz_11893_turn2,crosswoz,zh,11893,2,141,28.63,long,full_streaming,1315.42,1230.78,84.64,
crosswoz_12011_turn2,crosswoz,zh,12011,2,139,28.98,long,baseline,2258.15,2201.00,57.15,
crosswoz_12011_turn2,crosswoz,zh,12011,2,139,28.98,long,streaming_asr_only,778.80,714.24,64.56,
crosswoz_12011_turn2,crosswoz,zh,12011,2,139,28.98,long,full_streaming,792.52,709.77,82.75,
multiwoz_MUL1152_turn3,multiwoz,en,MUL1152,3,402,29.06,long,baseline,1707.86,1650.89,56.97,
multiwoz_MUL1152_turn3,multiwoz,en,MUL1152,3,402,29.06,long,streaming_asr_only,1114.66,1043.16,71.50,
multiwoz_MUL1152_turn3,multiwoz,en,MUL1152,3,402,29.06,long,full_streaming,1148.42,1061.54,86.88,
crosswoz_8436_turn2,crosswoz,zh,8436,2,136,29.08,long,baseline,2035.01,1976.77,58.24,
crosswoz_8436_turn2,crosswoz,zh,8436,2,136,29.08,long,streaming_asr_only,1000.97,936.10,64.86,
crosswoz_8436_turn2,crosswoz,zh,8436,2,136,29.08,long,full_streaming,1032.70,942.99,89.71,
multiwoz_MUL1377_turn2,multiwoz,en,MUL1377,2,369,29.25,long,baseline,1830.93,1775.07,55.85,
multiwoz_MUL1377_turn2,multiwoz,en,MUL1377,2,369,29.25,long,streaming_asr_only,1005.86,900.48,105.38,
multiwoz_MUL1377_turn2,multiwoz,en,MUL1377,2,369,29.25,long,full_streaming,1036.25,950.55,85.70,
multiwoz_PMUL2175_turn3,multiwoz,en,PMUL2175,3,400,29.51,long,baseline,1955.97,1909.86,46.11,
multiwoz_PMUL2175_turn3,multiwoz,en,PMUL2175,3,400,29.51,long,streaming_asr_only,1351.87,1264.83,87.04,
multiwoz_PMUL2175_turn3,multiwoz,en,PMUL2175,3,400,29.51,long,full_streaming,1283.67,1199.95,83.72,
multiwoz_MUL0069_turn3,multiwoz,en,MUL0069,3,379,29.59,long,baseline,1885.40,1829.76,55.64,
multiwoz_MUL0069_turn3,multiwoz,en,MUL0069,3,379,29.59,long,streaming_asr_only,1296.52,1232.78,63.74,
multiwoz_MUL0069_turn3,multiwoz,en,MUL0069,3,379,29.59,long,full_streaming,1295.72,1210.31,85.41,
crosswoz_10197_turn3,crosswoz,zh,10197,3,146,29.87,long,baseline,2311.85,2255.64,56.21,
crosswoz_10197_turn3,crosswoz,zh,10197,3,146,29.87,long,streaming_asr_only,1019.73,957.75,61.99,
crosswoz_10197_turn3,crosswoz,zh,10197,3,146,29.87,long,full_streaming,1296.53,1206.65,89.88,
crosswoz_10661_turn3,crosswoz,zh,10661,3,151,29.87,long,baseline,2962.71,2888.10,74.60,
crosswoz_10661_turn3,crosswoz,zh,10661,3,151,29.87,long,streaming_asr_only,879.64,815.73,63.90,
crosswoz_10661_turn3,crosswoz,zh,10661,3,151,29.87,long,full_streaming,896.35,809.64,86.71,
crosswoz_1101_turn3,crosswoz,zh,1101,3,145,29.90,long,baseline,2899.95,2827.35,72.59,
crosswoz_1101_turn3,crosswoz,zh,1101,3,145,29.90,long,streaming_asr_only,838.70,753.26,85.44,
crosswoz_1101_turn3,crosswoz,zh,1101,3,145,29.90,long,full_streaming,820.99,736.01,84.97,
multiwoz_MUL1027_turn3,multiwoz,en,MUL1027,3,409,29.96,long,baseline,1777.58,1717.32,60.26,
multiwoz_MUL1027_turn3,multiwoz,en,MUL1027,3,409,29.96,long,streaming_asr_only,891.76,828.67,63.09,
multiwoz_MUL1027_turn3,multiwoz,en,MUL1027,3,409,29.96,long,full_streaming,983.36,899.68,83.68,
crosswoz_8796_turn2,crosswoz,zh,8796,2,138,30.00,very_long,baseline,2686.63,2624.80,61.83,
crosswoz_8796_turn2,crosswoz,zh,8796,2,138,30.00,very_long,streaming_asr_only,967.82,904.18,63.64,
crosswoz_8796_turn2,crosswoz,zh,8796,2,138,30.00,very_long,full_streaming,1015.64,929.63,86.01,
multiwoz_PMUL0271_turn3,multiwoz,en,PMUL0271,3,413,30.09,very_long,baseline,1982.16,1921.83,60.34,
multiwoz_PMUL0271_turn3,multiwoz,en,PMUL0271,3,413,30.09,very_long,streaming_asr_only,1067.94,1004.02,63.92,
multiwoz_PMUL0271_turn3,multiwoz,en,PMUL0271,3,413,30.09,very_long,full_streaming,1069.73,983.79,85.95,
multiwoz_PMUL2590_turn4,multiwoz,en,PMUL2590,4,423,30.28,very_long,baseline,1996.55,1938.03,58.52,
multiwoz_PMUL2590_turn4,multiwoz,en,PMUL2590,4,423,30.28,very_long,streaming_asr_only,1657.72,1587.67,70.05,
multiwoz_PMUL2590_turn4,multiwoz,en,PMUL2590,4,423,30.28,very_long,full_streaming,1769.70,1649.20,120.50,
multiwoz_MUL1215_turn3,multiwoz,en,MUL1215,3,374,30.41,very_long,baseline,2130.53,2072.91,57.62,
multiwoz_MUL1215_turn3,multiwoz,en,MUL1215,3,374,30.41,very_long,streaming_asr_only,913.00,823.87,89.13,
multiwoz_MUL1215_turn3,multiwoz,en,MUL1215,3,374,30.41,very_long,full_streaming,927.41,842.39,85.02,
crosswoz_10749_turn3,crosswoz,zh,10749,3,156,30.48,very_long,baseline,2783.37,2724.17,59.20,
crosswoz_10749_turn3,crosswoz,zh,10749,3,156,30.48,very_long,streaming_asr_only,1045.22,968.03,77.19,
crosswoz_10749_turn3,crosswoz,zh,10749,3,156,30.48,very_long,full_streaming,1036.16,953.94,82.22,
crosswoz_7701_turn3,crosswoz,zh,7701,3,148,30.56,very_long,baseline,2463.68,2420.29,43.38,
crosswoz_7701_turn3,crosswoz,zh,7701,3,148,30.56,very_long,streaming_asr_only,877.14,811.97,65.17,
crosswoz_7701_turn3,crosswoz,zh,7701,3,148,30.56,very_long,full_streaming,918.22,811.17,107.05,
crosswoz_9200_turn3,crosswoz,zh,9200,3,144,30.84,very_long,baseline,2429.88,2377.69,52.19,
crosswoz_9200_turn3,crosswoz,zh,9200,3,144,30.84,very_long,streaming_asr_only,773.14,710.57,62.58,
crosswoz_9200_turn3,crosswoz,zh,9200,3,144,30.84,very_long,full_streaming,796.01,713.67,82.34,
multiwoz_MUL1330_turn3,multiwoz,en,MUL1330,3,515,30.85,very_long,baseline,2288.06,2228.84,59.22,
multiwoz_MUL1330_turn3,multiwoz,en,MUL1330,3,515,30.85,very_long,streaming_asr_only,1103.48,1032.79,70.69,
multiwoz_MUL1330_turn3,multiwoz,en,MUL1330,3,515,30.85,very_long,full_streaming,1181.02,1066.47,114.55,
multiwoz_MUL2016_turn3,multiwoz,en,MUL2016,3,412,31.00,very_long,baseline,2179.91,2116.91,63.01,
multiwoz_MUL2016_turn3,multiwoz,en,MUL2016,3,412,31.00,very_long,streaming_asr_only,1183.45,1119.20,64.25,
multiwoz_MUL2016_turn3,multiwoz,en,MUL2016,3,412,31.00,very_long,full_streaming,1394.34,1307.30,87.04,
multiwoz_MUL0176_turn4,multiwoz,en,MUL0176,4,498,31.58,very_long,baseline,2258.23,2191.61,66.62,
multiwoz_MUL0176_turn4,multiwoz,en,MUL0176,4,498,31.58,very_long,streaming_asr_only,1103.04,1020.06,82.98,
multiwoz_MUL0176_turn4,multiwoz,en,MUL0176,4,498,31.58,very_long,full_streaming,1102.59,1018.05,84.54,
crosswoz_9956_turn4,crosswoz,zh,9956,4,151,31.60,very_long,baseline,2631.98,2572.73,59.25,
crosswoz_9956_turn4,crosswoz,zh,9956,4,151,31.60,very_long,streaming_asr_only,999.90,936.60,63.30,
crosswoz_9956_turn4,crosswoz,zh,9956,4,151,31.60,very_long,full_streaming,972.93,888.84,84.09,
crosswoz_8202_turn3,crosswoz,zh,8202,3,172,31.61,very_long,baseline,2686.68,2642.31,44.37,
crosswoz_8202_turn3,crosswoz,zh,8202,3,172,31.61,very_long,streaming_asr_only,985.25,914.00,71.25,
crosswoz_8202_turn3,crosswoz,zh,8202,3,172,31.61,very_long,full_streaming,998.89,915.69,83.20,
crosswoz_8672_turn3,crosswoz,zh,8672,3,154,31.66,very_long,baseline,2804.85,2747.93,56.92,
crosswoz_8672_turn3,crosswoz,zh,8672,3,154,31.66,very_long,streaming_asr_only,852.29,772.32,79.97,
crosswoz_8672_turn3,crosswoz,zh,8672,3,154,31.66,very_long,full_streaming,755.97,668.84,87.13,
multiwoz_MUL0666_turn3,multiwoz,en,MUL0666,3,459,31.97,very_long,baseline,2298.24,2232.72,65.52,
multiwoz_MUL0666_turn3,multiwoz,en,MUL0666,3,459,31.97,very_long,streaming_asr_only,799.05,709.05,90.00,
multiwoz_MUL0666_turn3,multiwoz,en,MUL0666,3,459,31.97,very_long,full_streaming,819.69,735.45,84.25,
multiwoz_MUL1031_turn3,multiwoz,en,MUL1031,3,459,32.00,very_long,baseline,2215.39,2156.60,58.79,
multiwoz_MUL1031_turn3,multiwoz,en,MUL1031,3,459,32.00,very_long,streaming_asr_only,1237.21,1150.30,86.91,
multiwoz_MUL1031_turn3,multiwoz,en,MUL1031,3,459,32.00,very_long,full_streaming,1234.26,1151.02,83.24,
crosswoz_12315_turn3,crosswoz,zh,12315,3,156,32.11,very_long,baseline,2737.22,2670.69,66.53,
crosswoz_12315_turn3,crosswoz,zh,12315,3,156,32.11,very_long,streaming_asr_only,1345.40,1258.76,86.64,
crosswoz_12315_turn3,crosswoz,zh,12315,3,156,32.11,very_long,full_streaming,1305.89,1222.61,83.28,
multiwoz_MUL1003_turn4,multiwoz,en,MUL1003,4,515,32.67,very_long,baseline,2386.69,2320.44,66.25,
multiwoz_MUL1003_turn4,multiwoz,en,MUL1003,4,515,32.67,very_long,streaming_asr_only,1117.17,1031.35,85.82,
multiwoz_MUL1003_turn4,multiwoz,en,MUL1003,4,515,32.67,very_long,full_streaming,1107.91,1024.73,83.18,
crosswoz_9033_turn3,crosswoz,zh,9033,3,159,32.70,very_long,baseline,2887.08,2830.98,56.09,
crosswoz_9033_turn3,crosswoz,zh,9033,3,159,32.70,very_long,streaming_asr_only,861.23,797.31,63.92,
crosswoz_9033_turn3,crosswoz,zh,9033,3,159,32.70,very_long,full_streaming,896.82,812.96,83.86,
multiwoz_MUL0023_turn3,multiwoz,en,MUL0023,3,435,32.86,very_long,baseline,1974.45,1917.39,57.06,
multiwoz_MUL0023_turn3,multiwoz,en,MUL0023,3,435,32.86,very_long,streaming_asr_only,1266.92,1201.61,65.31,
multiwoz_MUL0023_turn3,multiwoz,en,MUL0023,3,435,32.86,very_long,full_streaming,1268.55,1182.51,86.04,
multiwoz_PMUL2296_turn3,multiwoz,en,PMUL2296,3,505,32.88,very_long,baseline,2276.29,2210.71,65.58,
multiwoz_PMUL2296_turn3,multiwoz,en,PMUL2296,3,505,32.88,very_long,streaming_asr_only,681.50,589.85,91.66,
multiwoz_PMUL2296_turn3,multiwoz,en,PMUL2296,3,505,32.88,very_long,full_streaming,687.13,604.79,82.34,
multiwoz_PMUL0322_turn4,multiwoz,en,PMUL0322,4,456,32.95,very_long,baseline,2343.52,2277.69,65.84,
multiwoz_PMUL0322_turn4,multiwoz,en,PMUL0322,4,456,32.95,very_long,streaming_asr_only,1071.93,973.05,98.89,
multiwoz_PMUL0322_turn4,multiwoz,en,PMUL0322,4,456,32.95,very_long,full_streaming,1130.87,1045.98,84.88,
crosswoz_11248_turn2,crosswoz,zh,11248,2,160,33.08,very_long,baseline,2835.59,2775.84,59.75,
crosswoz_11248_turn2,crosswoz,zh,11248,2,160,33.08,very_long,streaming_asr_only,644.97,581.07,63.89,
crosswoz_11248_turn2,crosswoz,zh,11248,2,160,33.08,very_long,full_streaming,681.10,596.60,84.50,
multiwoz_MUL2157_turn3,multiwoz,en,MUL2157,3,407,33.35,very_long,baseline,2275.40,2209.17,66.22,
multiwoz_MUL2157_turn3,multiwoz,en,MUL2157,3,407,33.35,very_long,streaming_asr_only,1156.90,1073.04,83.86,
multiwoz_MUL2157_turn3,multiwoz,en,MUL2157,3,407,33.35,very_long,full_streaming,1177.85,1089.02,88.83,
multiwoz_PMUL2936_turn4,multiwoz,en,PMUL2936,4,446,33.53,very_long,baseline,1879.12,1829.39,49.74,
multiwoz_PMUL2936_turn4,multiwoz,en,PMUL2936,4,446,33.53,very_long,streaming_asr_only,1076.05,991.34,84.71,
multiwoz_PMUL2936_turn4,multiwoz,en,PMUL2936,4,446,33.53,very_long,full_streaming,1082.45,998.82,83.63,
crosswoz_10296_turn3,crosswoz,zh,10296,3,160,33.55,very_long,baseline,2969.22,2911.99,57.23,
crosswoz_10296_turn3,crosswoz,zh,10296,3,160,33.55,very_long,streaming_asr_only,1120.48,1044.14,76.34,
crosswoz_10296_turn3,crosswoz,zh,10296,3,160,33.55,very_long,full_streaming,1139.33,1050.22,89.11,
crosswoz_962_turn3,crosswoz,zh,962,3,160,33.74,very_long,baseline,2806.77,2746.25,60.53,
crosswoz_962_turn3,crosswoz,zh,962,3,160,33.74,very_long,streaming_asr_only,802.74,717.43,85.31,
crosswoz_962_turn3,crosswoz,zh,962,3,160,33.74,very_long,full_streaming,787.03,703.31,83.72,
crosswoz_7652_turn2,crosswoz,zh,7652,2,215,33.83,very_long,baseline,2892.62,2830.83,61.79,
crosswoz_7652_turn2,crosswoz,zh,7652,2,215,33.83,very_long,streaming_asr_only,1107.98,1023.01,84.98,
crosswoz_7652_turn2,crosswoz,zh,7652,2,215,33.83,very_long,full_streaming,1043.57,937.29,106.29,
crosswoz_11361_turn3,crosswoz,zh,11361,3,160,34.16,very_long,baseline,3183.30,3138.64,44.65,
crosswoz_11361_turn3,crosswoz,zh,11361,3,160,34.16,very_long,streaming_asr_only,896.24,831.19,65.05,
crosswoz_11361_turn3,crosswoz,zh,11361,3,160,34.16,very_long,full_streaming,929.77,846.85,82.92,
multiwoz_PMUL2175_turn4,multiwoz,en,PMUL2175,4,489,34.33,very_long,baseline,2347.87,2280.53,67.35,
multiwoz_PMUL2175_turn4,multiwoz,en,PMUL2175,4,489,34.33,very_long,streaming_asr_only,657.20,577.60,79.60,
multiwoz_PMUL2175_turn4,multiwoz,en,PMUL2175,4,489,34.33,very_long,full_streaming,712.48,604.91,107.57,
multiwoz_MUL0789_turn3,multiwoz,en,MUL0789,3,441,34.46,very_long,baseline,2221.71,2155.56,66.15,
multiwoz_MUL0789_turn3,multiwoz,en,MUL0789,3,441,34.46,very_long,streaming_asr_only,1303.68,1220.26,83.41,
multiwoz_MUL0789_turn3,multiwoz,en,MUL0789,3,441,34.46,very_long,full_streaming,1203.73,1119.19,84.54,
multiwoz_PMUL1904_turn4,multiwoz,en,PMUL1904,4,440,34.73,very_long,baseline,2236.14,2166.79,69.35,
multiwoz_PMUL1904_turn4,multiwoz,en,PMUL1904,4,440,34.73,very_long,streaming_asr_only,1271.94,1180.35,91.60,
multiwoz_PMUL1904_turn4,multiwoz,en,PMUL1904,4,440,34.73,very_long,full_streaming,1265.69,1179.29,86.40,
crosswoz_9173_turn3,crosswoz,zh,9173,3,174,34.78,very_long,baseline,2818.00,2765.99,52.01,
crosswoz_9173_turn3,crosswoz,zh,9173,3,174,34.78,very_long,streaming_asr_only,1288.48,1222.29,66.19,
crosswoz_9173_turn3,crosswoz,zh,9173,3,174,34.78,very_long,full_streaming,1291.77,1203.92,87.85,
multiwoz_MUL1001_turn3,multiwoz,en,MUL1001,3,489,34.98,very_long,baseline,2664.13,2598.31,65.82,
multiwoz_MUL1001_turn3,multiwoz,en,MUL1001,3,489,34.98,very_long,streaming_asr_only,1042.56,957.05,85.51,
multiwoz_MUL1001_turn3,multiwoz,en,MUL1001,3,489,34.98,very_long,full_streaming,848.61,760.57,88.04,
multiwoz_PMUL4885_turn4,multiwoz,en,PMUL4885,4,451,35.10,very_long,baseline,2482.59,2412.84,69.75,
multiwoz_PMUL4885_turn4,multiwoz,en,PMUL4885,4,451,35.10,very_long,streaming_asr_only,937.15,857.75,79.40,
multiwoz_PMUL4885_turn4,multiwoz,en,PMUL4885,4,451,35.10,very_long,full_streaming,929.64,842.37,87.27,
multiwoz_MUL0084_turn4,multiwoz,en,MUL0084,4,485,35.24,very_long,baseline,2639.88,2570.10,69.78,
multiwoz_MUL0084_turn4,multiwoz,en,MUL0084,4,485,35.24,very_long,streaming_asr_only,1108.60,1019.81,88.79,
multiwoz_MUL0084_turn4,multiwoz,en,MUL0084,4,485,35.24,very_long,full_streaming,1123.75,1038.58,85.17,
multiwoz_PMUL1745_turn4,multiwoz,en,PMUL1745,4,515,35.31,very_long,baseline,2502.91,2432.95,69.96,
multiwoz_PMUL1745_turn4,multiwoz,en,PMUL1745,4,515,35.31,very_long,streaming_asr_only,958.63,871.07,87.55,
multiwoz_PMUL1745_turn4,multiwoz,en,PMUL1745,4,515,35.31,very_long,full_streaming,1001.22,916.56,84.67,
crosswoz_8907_turn3,crosswoz,zh,8907,3,179,35.33,very_long,baseline,2943.81,2884.34,59.47,
crosswoz_8907_turn3,crosswoz,zh,8907,3,179,35.33,very_long,streaming_asr_only,979.84,917.94,61.90,
crosswoz_8907_turn3,crosswoz,zh,8907,3,179,35.33,very_long,full_streaming,1012.21,928.71,83.50,
crosswoz_11893_turn3,crosswoz,zh,11893,3,171,35.43,very_long,baseline,2734.19,2675.35,58.84,
crosswoz_11893_turn3,crosswoz,zh,11893,3,171,35.43,very_long,streaming_asr_only,1691.57,1625.22,66.35,
crosswoz_11893_turn3,crosswoz,zh,11893,3,171,35.43,very_long,full_streaming,2082.04,1999.20,82.84,
crosswoz_11592_turn2,crosswoz,zh,11592,2,160,35.79,very_long,baseline,2804.09,2746.61,57.48,
crosswoz_11592_turn2,crosswoz,zh,11592,2,160,35.79,very_long,streaming_asr_only,1106.67,1026.12,80.55,
crosswoz_11592_turn2,crosswoz,zh,11592,2,160,35.79,very_long,full_streaming,1008.89,918.41,90.47,
crosswoz_11613_turn4,crosswoz,zh,11613,4,181,36.11,very_long,baseline,3068.39,3001.95,66.44,
crosswoz_11613_turn4,crosswoz,zh,11613,4,181,36.11,very_long,streaming_asr_only,1468.50,1377.62,90.88,
crosswoz_11613_turn4,crosswoz,zh,11613,4,181,36.11,very_long,full_streaming,1739.55,1648.24,91.31,
multiwoz_MUL0874_turn4,multiwoz,en,MUL0874,4,489,36.43,very_long,baseline,2488.23,2418.68,69.55,
multiwoz_MUL0874_turn4,multiwoz,en,MUL0874,4,489,36.43,very_long,streaming_asr_only,1992.70,1903.10,89.61,
multiwoz_MUL0874_turn4,multiwoz,en,MUL0874,4,489,36.43,very_long,full_streaming,2125.88,2016.96,108.91,
multiwoz_MUL1353_turn3,multiwoz,en,MUL1353,3,500,36.54,very_long,baseline,2461.94,2392.73,69.21,
multiwoz_MUL1353_turn3,multiwoz,en,MUL1353,3,500,36.54,very_long,streaming_asr_only,1409.77,1321.82,87.94,
multiwoz_MUL1353_turn3,multiwoz,en,MUL1353,3,500,36.54,very_long,full_streaming,1314.41,1233.56,80.85,
crosswoz_9577_turn3,crosswoz,zh,9577,3,173,36.69,very_long,baseline,3363.16,3304.77,58.39,
crosswoz_9577_turn3,crosswoz,zh,9577,3,173,36.69,very_long,streaming_asr_only,939.49,851.12,88.37,
crosswoz_9577_turn3,crosswoz,zh,9577,3,173,36.69,very_long,full_streaming,931.28,846.72,84.56,
multiwoz_MUL2174_turn4,multiwoz,en,MUL2174,4,468,36.72,very_long,baseline,2376.65,2310.22,66.43,
multiwoz_MUL2174_turn4,multiwoz,en,MUL2174,4,468,36.72,very_long,streaming_asr_only,878.19,794.72,83.47,
multiwoz_MUL2174_turn4,multiwoz,en,MUL2174,4,468,36.72,very_long,full_streaming,905.95,823.52,82.43,
crosswoz_7310_turn3,crosswoz,zh,7310,3,178,36.76,very_long,baseline,3229.34,3159.27,70.06,
crosswoz_7310_turn3,crosswoz,zh,7310,3,178,36.76,very_long,streaming_asr_only,1574.59,1482.30,92.29,
crosswoz_7310_turn3,crosswoz,zh,7310,3,178,36.76,very_long,full_streaming,1603.66,1520.50,83.15,
multiwoz_PMUL2034_turn3,multiwoz,en,PMUL2034,3,538,36.79,very_long,baseline,2744.78,2674.86,69.92,
multiwoz_PMUL2034_turn3,multiwoz,en,PMUL2034,3,538,36.79,very_long,streaming_asr_only,1416.43,1328.15,88.29,
multiwoz_PMUL2034_turn3,multiwoz,en,PMUL2034,3,538,36.79,very_long,full_streaming,1521.70,1431.39,90.31,
crosswoz_12299_turn3,crosswoz,zh,12299,3,178,36.83,very_long,baseline,2950.64,2880.91,69.73,
crosswoz_12299_turn3,crosswoz,zh,12299,3,178,36.83,very_long,streaming_asr_only,1754.10,1669.53,84.57,
crosswoz_12299_turn3,crosswoz,zh,12299,3,178,36.83,very_long,full_streaming,1761.21,1675.66,85.55,
multiwoz_PMUL3103_turn4,multiwoz,en,PMUL3103,4,502,36.85,very_long,baseline,2358.83,2289.20,69.63,
multiwoz_PMUL3103_turn4,multiwoz,en,PMUL3103,4,502,36.85,very_long,streaming_asr_only,2442.07,2386.68,55.39,
multiwoz_PMUL3103_turn4,multiwoz,en,PMUL3103,4,502,36.85,very_long,full_streaming,2461.10,2369.01,92.10,
multiwoz_PMUL2319_turn3,multiwoz,en,PMUL2319,3,540,37.38,very_long,baseline,2378.52,2309.27,69.25,
multiwoz_PMUL2319_turn3,multiwoz,en,PMUL2319,3,540,37.38,very_long,streaming_asr_only,870.30,779.04,91.26,
multiwoz_PMUL2319_turn3,multiwoz,en,PMUL2319,3,540,37.38,very_long,full_streaming,804.51,722.50,82.01,
crosswoz_9956_turn5,crosswoz,zh,9956,5,177,37.65,very_long,baseline,3155.42,3088.11,67.31,
crosswoz_9956_turn5,crosswoz,zh,9956,5,177,37.65,very_long,streaming_asr_only,1079.37,995.13,84.23,
crosswoz_9956_turn5,crosswoz,zh,9956,5,177,37.65,very_long,full_streaming,1092.81,1008.29,84.51,
multiwoz_MUL2018_turn4,multiwoz,en,MUL2018,4,472,37.65,very_long,baseline,2271.78,2202.20,69.58,
multiwoz_MUL2018_turn4,multiwoz,en,MUL2018,4,472,37.65,very_long,streaming_asr_only,892.42,788.72,103.71,
multiwoz_MUL2018_turn4,multiwoz,en,MUL2018,4,472,37.65,very_long,full_streaming,854.05,770.76,83.28,
crosswoz_10574_turn4,crosswoz,zh,10574,4,185,37.76,very_long,baseline,3117.91,3050.11,67.80,
crosswoz_10574_turn4,crosswoz,zh,10574,4,185,37.76,very_long,streaming_asr_only,1228.13,1129.60,98.53,
crosswoz_10574_turn4,crosswoz,zh,10574,4,185,37.76,very_long,full_streaming,1317.44,1230.01,87.44,
multiwoz_MUL0069_turn4,multiwoz,en,MUL0069,4,521,37.78,very_long,baseline,2255.09,2190.31,64.78,
multiwoz_MUL0069_turn4,multiwoz,en,MUL0069,4,521,37.78,very_long,streaming_asr_only,902.35,816.66,85.69,
multiwoz_MUL0069_turn4,multiwoz,en,MUL0069,4,521,37.78,very_long,full_streaming,889.83,799.82,90.01,
crosswoz_9394_turn3,crosswoz,zh,9394,3,168,37.83,very_long,baseline,3172.19,3106.03,66.16,
crosswoz_9394_turn3,crosswoz,zh,9394,3,168,37.83,very_long,streaming_asr_only,1065.18,972.33,92.85,
crosswoz_9394_turn3,crosswoz,zh,9394,3,168,37.83,very_long,full_streaming,1037.68,948.10,89.58,
crosswoz_11730_turn3,crosswoz,zh,11730,3,193,37.84,very_long,baseline,3445.99,3375.83,70.16,
crosswoz_11730_turn3,crosswoz,zh,11730,3,193,37.84,very_long,streaming_asr_only,1321.44,1240.51,80.92,
crosswoz_11730_turn3,crosswoz,zh,11730,3,193,37.84,very_long,full_streaming,1201.94,1108.00,93.94,
multiwoz_MUL1320_turn5,multiwoz,en,MUL1320,5,506,37.88,very_long,baseline,2644.42,2570.16,74.26,
multiwoz_MUL1320_turn5,multiwoz,en,MUL1320,5,506,37.88,very_long,streaming_asr_only,1046.87,952.73,94.14,
multiwoz_MUL1320_turn5,multiwoz,en,MUL1320,5,506,37.88,very_long,full_streaming,1040.04,949.78,90.26,
multiwoz_MUL0193_turn3,multiwoz,en,MUL0193,3,512,37.94,very_long,baseline,2353.46,2280.67,72.79,
multiwoz_MUL0193_turn3,multiwoz,en,MUL0193,3,512,37.94,very_long,streaming_asr_only,745.34,673.72,71.62,
multiwoz_MUL0193_turn3,multiwoz,en,MUL0193,3,512,37.94,very_long,full_streaming,734.11,641.58,92.53,
crosswoz_12298_turn3,crosswoz,zh,12298,3,185,37.99,very_long,baseline,3236.68,3162.67,74.00,
crosswoz_12298_turn3,crosswoz,zh,12298,3,185,37.99,very_long,streaming_asr_only,1288.93,1199.53,89.40,
crosswoz_12298_turn3,crosswoz,zh,12298,3,185,37.99,very_long,full_streaming,1289.87,1202.43,87.45,
multiwoz_MUL0076_turn4,multiwoz,en,MUL0076,4,548,38.02,very_long,baseline,2736.40,2666.65,69.75,
multiwoz_MUL0076_turn4,multiwoz,en,MUL0076,4,548,38.02,very_long,streaming_asr_only,1001.48,899.53,101.94,
multiwoz_MUL0076_turn4,multiwoz,en,MUL0076,4,548,38.02,very_long,full_streaming,989.49,901.27,88.22,
crosswoz_7196_turn3,crosswoz,zh,7196,3,180,38.28,very_long,baseline,3177.05,3107.65,69.40,
crosswoz_7196_turn3,crosswoz,zh,7196,3,180,38.28,very_long,streaming_asr_only,992.24,909.69,82.55,
crosswoz_7196_turn3,crosswoz,zh,7196,3,180,38.28,very_long,full_streaming,1029.67,941.63,88.04,
multiwoz_PMUL4031_turn4,multiwoz,en,PMUL4031,4,553,38.48,very_long,baseline,2265.26,2199.00,66.26,
multiwoz_PMUL4031_turn4,multiwoz,en,PMUL4031,4,553,38.48,very_long,streaming_asr_only,1221.82,1136.26,85.56,
multiwoz_PMUL4031_turn4,multiwoz,en,PMUL4031,4,553,38.48,very_long,full_streaming,1180.71,1091.73,88.99,
multiwoz_MUL0641_turn3,multiwoz,en,MUL0641,3,508,38.78,very_long,baseline,2655.44,2583.71,71.73,
multiwoz_MUL0641_turn3,multiwoz,en,MUL0641,3,508,38.78,very_long,streaming_asr_only,1559.88,1460.67,99.22,
multiwoz_MUL0641_turn3,multiwoz,en,MUL0641,3,508,38.78,very_long,full_streaming,1432.98,1341.83,91.14,
crosswoz_2228_turn3,crosswoz,zh,2228,3,188,39.04,very_long,baseline,3259.13,3187.93,71.20,
crosswoz_2228_turn3,crosswoz,zh,2228,3,188,39.04,very_long,streaming_asr_only,912.20,826.08,86.12,
crosswoz_2228_turn3,crosswoz,zh,2228,3,188,39.04,very_long,full_streaming,867.69,776.23,91.46,
multiwoz_PMUL4612_turn4,multiwoz,en,PMUL4612,4,558,39.14,very_long,baseline,2760.85,2690.95,69.90,
multiwoz_PMUL4612_turn4,multiwoz,en,PMUL4612,4,558,39.14,very_long,streaming_asr_only,915.12,821.71,93.40,
multiwoz_PMUL4612_turn4,multiwoz,en,PMUL4612,4,558,39.14,very_long,full_streaming,900.27,812.26,88.02,
crosswoz_10040_turn3,crosswoz,zh,10040,3,181,39.23,very_long,baseline,3345.82,3276.68,69.14,
crosswoz_10040_turn3,crosswoz,zh,10040,3,181,39.23,very_long,streaming_asr_only,1594.18,1501.99,92.19,
crosswoz_10040_turn3,crosswoz,zh,10040,3,181,39.23,very_long,full_streaming,1662.66,1574.88,87.78,
crosswoz_11334_turn3,crosswoz,zh,11334,3,189,39.47,very_long,baseline,3413.26,3345.38,67.88,
crosswoz_11334_turn3,crosswoz,zh,11334,3,189,39.47,very_long,streaming_asr_only,1023.57,933.84,89.73,
crosswoz_11334_turn3,crosswoz,zh,11334,3,189,39.47,very_long,full_streaming,1062.65,974.38,88.27,
crosswoz_3145_turn3,crosswoz,zh,3145,3,186,39.58,very_long,baseline,3386.86,3319.52,67.34,
crosswoz_3145_turn3,crosswoz,zh,3145,3,186,39.58,very_long,streaming_asr_only,942.81,846.83,95.98,
crosswoz_3145_turn3,crosswoz,zh,3145,3,186,39.58,very_long,full_streaming,937.12,851.81,85.30,
multiwoz_MUL0183_turn4,multiwoz,en,MUL0183,4,618,39.88,very_long,baseline,2882.21,2812.00,70.21,
multiwoz_MUL0183_turn4,multiwoz,en,MUL0183,4,618,39.88,very_long,streaming_asr_only,824.27,735.64,88.63,
multiwoz_MUL0183_turn4,multiwoz,en,MUL0183,4,618,39.88,very_long,full_streaming,798.57,712.53,86.04,
multiwoz_MUL1152_turn4,multiwoz,en,MUL1152,4,556,39.93,very_long,baseline,2606.83,2537.00,69.83,
multiwoz_MUL1152_turn4,multiwoz,en,MUL1152,4,556,39.93,very_long,streaming_asr_only,990.65,908.92,81.73,
multiwoz_MUL1152_turn4,multiwoz,en,MUL1152,4,556,39.93,very_long,full_streaming,1055.38,965.84,89.54,
multiwoz_MUL1203_turn4,multiwoz,en,MUL1203,4,616,40.04,very_long,baseline,2795.31,2724.57,70.74,
multiwoz_MUL1203_turn4,multiwoz,en,MUL1203,4,616,40.04,very_long,streaming_asr_only,1222.61,1133.60,89.01,
multiwoz_MUL1203_turn4,multiwoz,en,MUL1203,4,616,40.04,very_long,full_streaming,1215.87,1124.29,91.58,
crosswoz_497_turn4,crosswoz,zh,497,4,193,40.15,very_long,baseline,3424.41,3348.41,76.00,
crosswoz_497_turn4,crosswoz,zh,497,4,193,40.15,very_long,streaming_asr_only,888.72,802.73,85.99,
crosswoz_497_turn4,crosswoz,zh,497,4,193,40.15,very_long,full_streaming,872.55,782.77,89.78,
crosswoz_9080_turn3,crosswoz,zh,9080,3,197,40.15,very_long,baseline,3280.01,3209.02,70.99,
crosswoz_9080_turn3,crosswoz,zh,9080,3,197,40.15,very_long,streaming_asr_only,1352.68,1259.04,93.64,
crosswoz_9080_turn3,crosswoz,zh,9080,3,197,40.15,very_long,full_streaming,1264.55,1173.23,91.32,
multiwoz_PMUL2175_turn5,multiwoz,en,PMUL2175,5,556,40.41,very_long,baseline,2828.52,2759.06,69.46,
multiwoz_PMUL2175_turn5,multiwoz,en,PMUL2175,5,556,40.41,very_long,streaming_asr_only,784.29,693.20,91.09,
multiwoz_PMUL2175_turn5,multiwoz,en,PMUL2175,5,556,40.41,very_long,full_streaming,754.78,670.90,83.88,
multiwoz_MUL1459_turn4,multiwoz,en,MUL1459,4,562,40.62,very_long,baseline,2584.84,2513.47,71.38,
multiwoz_MUL1459_turn4,multiwoz,en,MUL1459,4,562,40.62,very_long,streaming_asr_only,1161.64,1048.97,112.67,
multiwoz_MUL1459_turn4,multiwoz,en,MUL1459,4,562,40.62,very_long,full_streaming,1196.39,1105.49,90.89,
crosswoz_9365_turn4,crosswoz,zh,9365,4,207,40.76,very_long,baseline,3521.45,3451.23,70.22,
crosswoz_9365_turn4,crosswoz,zh,9365,4,207,40.76,very_long,streaming_asr_only,1460.46,1377.79,82.67,
crosswoz_9365_turn4,crosswoz,zh,9365,4,207,40.76,very_long,full_streaming,1453.38,1366.04,87.34,
crosswoz_11592_turn3,crosswoz,zh,11592,3,184,40.77,very_long,baseline,3230.62,3163.42,67.19,
crosswoz_11592_turn3,crosswoz,zh,11592,3,184,40.77,very_long,streaming_asr_only,791.51,705.81,85.70,
crosswoz_11592_turn3,crosswoz,zh,11592,3,184,40.77,very_long,full_streaming,765.25,680.27,84.99,
multiwoz_PMUL1904_turn5,multiwoz,en,PMUL1904,5,543,40.87,very_long,baseline,2797.50,2717.77,79.73,
multiwoz_PMUL1904_turn5,multiwoz,en,PMUL1904,5,543,40.87,very_long,streaming_asr_only,861.99,772.44,89.55,
multiwoz_PMUL1904_turn5,multiwoz,en,PMUL1904,5,543,40.87,very_long,full_streaming,845.69,759.40,86.28,
multiwoz_MUL1031_turn4,multiwoz,en,MUL1031,4,601,40.96,very_long,baseline,2749.84,2679.54,70.30,
multiwoz_MUL1031_turn4,multiwoz,en,MUL1031,4,601,40.96,very_long,streaming_asr_only,1702.49,1621.82,80.67,
multiwoz_MUL1031_turn4,multiwoz,en,MUL1031,4,601,40.96,very_long,full_streaming,1745.61,1654.58,91.04,
multiwoz_MUL0666_turn4,multiwoz,en,MUL0666,4,583,41.25,very_long,baseline,2981.83,2912.17,69.66,
multiwoz_MUL0666_turn4,multiwoz,en,MUL0666,4,583,41.25,very_long,streaming_asr_only,1105.85,1016.30,89.55,
multiwoz_MUL0666_turn4,multiwoz,en,MUL0666,4,583,41.25,very_long,full_streaming,1089.59,999.22,90.37,
multiwoz_PMUL0322_turn5,multiwoz,en,PMUL0322,5,553,41.31,very_long,baseline,2687.55,2617.32,70.23,
multiwoz_PMUL0322_turn5,multiwoz,en,PMUL0322,5,553,41.31,very_long,streaming_asr_only,1802.94,1710.26,92.68,
multiwoz_PMUL0322_turn5,multiwoz,en,PMUL0322,5,553,41.31,very_long,full_streaming,1819.16,1730.60,88.56,
multiwoz_MUL1191_turn4,multiwoz,en,MUL1191,4,560,41.37,very_long,baseline,2858.93,2788.34,70.59,
multiwoz_MUL1191_turn4,multiwoz,en,MUL1191,4,560,41.37,very_long,streaming_asr_only,1035.64,949.15,86.49,
multiwoz_MUL1191_turn4,multiwoz,en,MUL1191,4,560,41.37,very_long,full_streaming,1011.68,920.95,90.73,
multiwoz_MUL2174_turn5,multiwoz,en,MUL2174,5,535,41.51,very_long,baseline,2598.04,2527.47,70.56,
multiwoz_MUL2174_turn5,multiwoz,en,MUL2174,5,535,41.51,very_long,streaming_asr_only,1330.76,1242.73,88.03,
multiwoz_MUL2174_turn5,multiwoz,en,MUL2174,5,535,41.51,very_long,full_streaming,1307.72,1215.81,91.92,
crosswoz_11406_turn4,crosswoz,zh,11406,4,203,41.78,very_long,baseline,3733.52,3657.96,75.57,
crosswoz_11406_turn4,crosswoz,zh,11406,4,203,41.78,very_long,streaming_asr_only,1186.91,1094.01,92.90,
crosswoz_11406_turn4,crosswoz,zh,11406,4,203,41.78,very_long,full_streaming,1165.24,1075.29,89.95,
crosswoz_8717_turn3,crosswoz,zh,8717,3,205,41.78,very_long,baseline,3550.26,3480.76,69.50,
crosswoz_8717_turn3,crosswoz,zh,8717,3,205,41.78,very_long,streaming_asr_only,1294.50,1204.33,90.17,
crosswoz_8717_turn3,crosswoz,zh,8717,3,205,41.78,very_long,full_streaming,1322.20,1230.65,91.55,
multiwoz_PMUL4499_turn4,multiwoz,en,PMUL4499,4,625,41.81,very_long,baseline,2693.51,2623.40,70.11,
multiwoz_PMUL4499_turn4,multiwoz,en,PMUL4499,4,625,41.81,very_long,streaming_asr_only,1062.07,973.84,88.23,
multiwoz_PMUL4499_turn4,multiwoz,en,PMUL4499,4,625,41.81,very_long,full_streaming,1047.78,961.12,86.66,
crosswoz_9956_turn6,crosswoz,zh,9956,6,206,41.95,very_long,baseline,3336.02,3262.83,73.20,
crosswoz_9956_turn6,crosswoz,zh,9956,6,206,41.95,very_long,streaming_asr_only,1485.37,1389.25,96.12,
crosswoz_9956_turn6,crosswoz,zh,9956,6,206,41.95,very_long,full_streaming,1475.12,1393.52,81.60,
multiwoz_MUL1215_turn4,multiwoz,en,MUL1215,4,496,42.09,very_long,baseline,2559.14,2490.29,68.85,
multiwoz_MUL1215_turn4,multiwoz,en,MUL1215,4,496,42.09,very_long,streaming_asr_only,827.64,748.47,79.17,
multiwoz_MUL1215_turn4,multiwoz,en,MUL1215,4,496,42.09,very_long,full_streaming,816.77,733.71,83.06,
multiwoz_PMUL4254_turn4,multiwoz,en,PMUL4254,4,528,42.16,very_long,baseline,2423.63,2352.62,71.01,
multiwoz_PMUL4254_turn4,multiwoz,en,PMUL4254,4,528,42.16,very_long,streaming_asr_only,980.52,886.98,93.53,
multiwoz_PMUL4254_turn4,multiwoz,en,PMUL4254,4,528,42.16,very_long,full_streaming,932.33,845.95,86.39,
multiwoz_MUL0711_turn4,multiwoz,en,MUL0711,4,572,42.45,very_long,baseline,2630.51,2561.15,69.36,
multiwoz_MUL0711_turn4,multiwoz,en,MUL0711,4,572,42.45,very_long,streaming_asr_only,1055.15,963.37,91.77,
multiwoz_MUL0711_turn4,multiwoz,en,MUL0711,4,572,42.45,very_long,full_streaming,1019.32,935.54,83.78,
multiwoz_MUL1332_turn5,multiwoz,en,MUL1332,5,518,42.48,very_long,baseline,2652.76,2583.57,69.19,
multiwoz_MUL1332_turn5,multiwoz,en,MUL1332,5,518,42.48,very_long,streaming_asr_only,1558.98,1469.77,89.21,
multiwoz_MUL1332_turn5,multiwoz,en,MUL1332,5,518,42.48,very_long,full_streaming,1640.84,1532.06,108.78,
multiwoz_PMUL2590_turn5,multiwoz,en,PMUL2590,5,600,43.50,very_long,baseline,2487.75,2417.79,69.96,
multiwoz_PMUL2590_turn5,multiwoz,en,PMUL2590,5,600,43.50,very_long,streaming_asr_only,749.61,660.56,89.05,
multiwoz_PMUL2590_turn5,multiwoz,en,PMUL2590,5,600,43.50,very_long,full_streaming,757.41,670.73,86.68,
multiwoz_PMUL0085_turn4,multiwoz,en,PMUL0085,4,567,43.58,very_long,baseline,2792.61,2722.94,69.66,
multiwoz_PMUL0085_turn4,multiwoz,en,PMUL0085,4,567,43.58,very_long,streaming_asr_only,1070.50,966.53,103.97,
multiwoz_PMUL0085_turn4,multiwoz,en,PMUL0085,4,567,43.58,very_long,full_streaming,1062.16,977.37,84.79,
crosswoz_10661_turn4,crosswoz,zh,10661,4,215,43.63,very_long,baseline,3545.11,3476.57,68.55,
crosswoz_10661_turn4,crosswoz,zh,10661,4,215,43.63,very_long,streaming_asr_only,725.89,643.82,82.07,
crosswoz_10661_turn4,crosswoz,zh,10661,4,215,43.63,very_long,full_streaming,730.10,647.13,82.97,
multiwoz_PMUL2296_turn4,multiwoz,en,PMUL2296,4,686,43.66,very_long,baseline,2803.77,2734.59,69.18,
multiwoz_PMUL2296_turn4,multiwoz,en,PMUL2296,4,686,43.66,very_long,streaming_asr_only,1554.28,1465.93,88.34,
multiwoz_PMUL2296_turn4,multiwoz,en,PMUL2296,4,686,43.66,very_long,full_streaming,1524.38,1435.34,89.04,
crosswoz_8672_turn4,crosswoz,zh,8672,4,214,43.68,very_long,baseline,3457.76,3388.99,68.77,
crosswoz_8672_turn4,crosswoz,zh,8672,4,214,43.68,very_long,streaming_asr_only,1582.40,1502.47,79.94,
crosswoz_8672_turn4,crosswoz,zh,8672,4,214,43.68,very_long,full_streaming,1549.59,1462.62,86.96,
crosswoz_10331_turn3,crosswoz,zh,10331,3,220,43.76,very_long,baseline,3934.49,3865.67,68.82,
crosswoz_10331_turn3,crosswoz,zh,10331,3,220,43.76,very_long,streaming_asr_only,2245.73,2157.53,88.21,
crosswoz_10331_turn3,crosswoz,zh,10331,3,220,43.76,very_long,full_streaming,1824.87,1742.42,82.44,
multiwoz_MUL0023_turn4,multiwoz,en,MUL0023,4,582,43.92,very_long,baseline,3314.95,3241.81,73.15,
multiwoz_MUL0023_turn4,multiwoz,en,MUL0023,4,582,43.92,very_long,streaming_asr_only,714.36,624.97,89.40,
multiwoz_MUL0023_turn4,multiwoz,en,MUL0023,4,582,43.92,very_long,full_streaming,795.10,711.64,83.47,
crosswoz_11735_turn3,crosswoz,zh,11735,3,197,44.30,very_long,baseline,3560.62,3489.69,70.93,
crosswoz_11735_turn3,crosswoz,zh,11735,3,197,44.30,very_long,streaming_asr_only,1269.19,1181.29,87.90,
crosswoz_11735_turn3,crosswoz,zh,11735,3,197,44.30,very_long,full_streaming,1281.36,1195.77,85.58,
multiwoz_PMUL4885_turn5,multiwoz,en,PMUL4885,5,575,44.47,very_long,baseline,2828.18,2757.04,71.14,
multiwoz_PMUL4885_turn5,multiwoz,en,PMUL4885,5,575,44.47,very_long,streaming_asr_only,1154.24,1065.85,88.38,
multiwoz_PMUL4885_turn5,multiwoz,en,PMUL4885,5,575,44.47,very_long,full_streaming,1178.03,1094.06,83.98,
crosswoz_9138_turn4,crosswoz,zh,9138,4,221,44.48,very_long,baseline,3455.03,3383.01,72.02,
crosswoz_9138_turn4,crosswoz,zh,9138,4,221,44.48,very_long,streaming_asr_only,945.15,857.04,88.12,
crosswoz_9138_turn4,crosswoz,zh,9138,4,221,44.48,very_long,full_streaming,979.10,896.05,83.05,
multiwoz_PMUL2130_turn4,multiwoz,en,PMUL2130,4,581,44.72,very_long,baseline,2686.59,2617.48,69.11,
multiwoz_PMUL2130_turn4,multiwoz,en,PMUL2130,4,581,44.72,very_long,streaming_asr_only,694.61,590.78,103.82,
multiwoz_PMUL2130_turn4,multiwoz,en,PMUL2130,4,581,44.72,very_long,full_streaming,698.10,616.10,82.00,
crosswoz_9033_turn4,crosswoz,zh,9033,4,215,45.58,very_long,baseline,3641.23,3569.99,71.24,
crosswoz_9033_turn4,crosswoz,zh,9033,4,215,45.58,very_long,streaming_asr_only,901.61,808.72,92.89,
crosswoz_9033_turn4,crosswoz,zh,9033,4,215,45.58,very_long,full_streaming,877.72,795.61,82.11,
crosswoz_8436_turn3,crosswoz,zh,8436,3,220,45.65,very_long,baseline,3477.42,3408.16,69.26,
crosswoz_8436_turn3,crosswoz,zh,8436,3,220,45.65,very_long,streaming_asr_only,1781.44,1685.53,95.90,
crosswoz_8436_turn3,crosswoz,zh,8436,3,220,45.65,very_long,full_streaming,1776.77,1690.69,86.08,
multiwoz_PMUL0237_turn5,multiwoz,en,PMUL0237,5,581,45.74,very_long,baseline,3050.29,2980.07,70.21,
multiwoz_PMUL0237_turn5,multiwoz,en,PMUL0237,5,581,45.74,very_long,streaming_asr_only,1158.46,1050.50,107.97,
multiwoz_PMUL0237_turn5,multiwoz,en,PMUL0237,5,581,45.74,very_long,full_streaming,913.80,826.99,86.81,
multiwoz_PMUL2175_turn6,multiwoz,en,PMUL2175,6,640,45.79,very_long,baseline,3054.18,2973.67,80.51,
multiwoz_PMUL2175_turn6,multiwoz,en,PMUL2175,6,640,45.79,very_long,streaming_asr_only,1188.84,1098.81,90.04,
multiwoz_PMUL2175_turn6,multiwoz,en,PMUL2175,6,640,45.79,very_long,full_streaming,1183.04,1073.29,109.75,
crosswoz_497_turn5,crosswoz,zh,497,5,226,45.86,very_long,baseline,3703.28,3632.49,70.79,
crosswoz_497_turn5,crosswoz,zh,497,5,226,45.86,very_long,streaming_asr_only,1025.89,930.58,95.31,
crosswoz_497_turn5,crosswoz,zh,497,5,226,45.86,very_long,full_streaming,998.67,915.98,82.69,
multiwoz_MUL1330_turn4,multiwoz,en,MUL1330,4,678,46.49,very_long,baseline,2881.54,2811.68,69.85,
multiwoz_MUL1330_turn4,multiwoz,en,MUL1330,4,678,46.49,very_long,streaming_asr_only,851.62,768.00,83.62,
multiwoz_MUL1330_turn4,multiwoz,en,MUL1330,4,678,46.49,very_long,full_streaming,940.86,858.04,82.81,
crosswoz_962_turn4,crosswoz,zh,962,4,217,46.53,very_long,baseline,3568.92,3499.48,69.44,
crosswoz_962_turn4,crosswoz,zh,962,4,217,46.53,very_long,streaming_asr_only,882.01,790.35,91.67,
crosswoz_962_turn4,crosswoz,zh,962,4,217,46.53,very_long,full_streaming,866.88,785.39,81.50,
multiwoz_MUL2016_turn4,multiwoz,en,MUL2016,4,626,46.54,very_long,baseline,3010.10,2938.93,71.17,
multiwoz_MUL2016_turn4,multiwoz,en,MUL2016,4,626,46.54,very_long,streaming_asr_only,925.72,836.75,88.98,
multiwoz_MUL2016_turn4,multiwoz,en,MUL2016,4,626,46.54,very_long,full_streaming,923.41,840.67,82.74,
crosswoz_8907_turn4,crosswoz,zh,8907,4,235,46.73,very_long,baseline,3526.06,3455.62,70.44,
crosswoz_8907_turn4,crosswoz,zh,8907,4,235,46.73,very_long,streaming_asr_only,1084.27,989.75,94.52,
crosswoz_8907_turn4,crosswoz,zh,8907,4,235,46.73,very_long,full_streaming,1030.65,948.30,82.35,
multiwoz_PMUL0271_turn4,multiwoz,en,PMUL0271,4,611,46.85,very_long,baseline,3153.64,3083.45,70.20,
multiwoz_PMUL0271_turn4,multiwoz,en,PMUL0271,4,611,46.85,very_long,streaming_asr_only,1142.98,1063.29,79.69,
multiwoz_PMUL0271_turn4,multiwoz,en,PMUL0271,4,611,46.85,very_long,full_streaming,995.63,912.74,82.89,
crosswoz_11613_turn5,crosswoz,zh,11613,5,226,46.92,very_long,baseline,3712.98,3645.55,67.43,
crosswoz_11613_turn5,crosswoz,zh,11613,5,226,46.92,very_long,streaming_asr_only,1045.26,954.05,91.21,
crosswoz_11613_turn5,crosswoz,zh,11613,5,226,46.92,very_long,full_streaming,1060.02,975.59,84.43,
crosswoz_10382_turn4,crosswoz,zh,10382,4,240,46.93,very_long,baseline,3723.84,3653.94,69.90,
crosswoz_10382_turn4,crosswoz,zh,10382,4,240,46.93,very_long,streaming_asr_only,632.18,541.85,90.33,
crosswoz_10382_turn4,crosswoz,zh,10382,4,240,46.93,very_long,full_streaming,682.38,593.06,89.32,
multiwoz_PMUL4612_turn5,multiwoz,en,PMUL4612,5,647,47.23,very_long,baseline,2882.15,2812.89,69.25,
multiwoz_PMUL4612_turn5,multiwoz,en,PMUL4612,5,647,47.23,very_long,streaming_asr_only,1012.87,921.92,90.95,
multiwoz_PMUL4612_turn5,multiwoz,en,PMUL4612,5,647,47.23,very_long,full_streaming,1001.80,919.35,82.46,
crosswoz_10296_turn4,crosswoz,zh,10296,4,221,47.28,very_long,baseline,3825.39,3751.48,73.91,
crosswoz_10296_turn4,crosswoz,zh,10296,4,221,47.28,very_long,streaming_asr_only,1574.42,1481.21,93.20,
crosswoz_10296_turn4,crosswoz,zh,10296,4,221,47.28,very_long,full_streaming,1586.43,1501.21,85.22,
crosswoz_8707_turn4,crosswoz,zh,8707,4,265,47.44,very_long,baseline,3777.14,3706.52,70.62,
crosswoz_8707_turn4,crosswoz,zh,8707,4,265,47.44,very_long,streaming_asr_only,1296.62,1216.46,80.16,
crosswoz_8707_turn4,crosswoz,zh,8707,4,265,47.44,very_long,full_streaming,1317.17,1220.62,96.56,
multiwoz_PMUL0460_turn4,multiwoz,en,PMUL0460,4,612,47.45,very_long,baseline,2730.47,2660.67,69.80,
multiwoz_PMUL0460_turn4,multiwoz,en,PMUL0460,4,612,47.45,very_long,streaming_asr_only,935.80,847.45,88.36,
multiwoz_PMUL0460_turn4,multiwoz,en,PMUL0460,4,612,47.45,very_long,full_streaming,939.20,855.95,83.25,
multiwoz_MUL1027_turn4,multiwoz,en,MUL1027,4,634,47.47,very_long,baseline,3120.12,3050.32,69.80,
multiwoz_MUL1027_turn4,multiwoz,en,MUL1027,4,634,47.47,very_long,streaming_asr_only,821.70,732.27,89.43,
multiwoz_MUL1027_turn4,multiwoz,en,MUL1027,4,634,47.47,very_long,full_streaming,821.98,737.44,84.54,
crosswoz_422_turn4,crosswoz,zh,422,4,235,47.52,very_long,baseline,3721.76,3653.12,68.64,
crosswoz_422_turn4,crosswoz,zh,422,4,235,47.52,very_long,streaming_asr_only,937.24,847.86,89.38,
crosswoz_422_turn4,crosswoz,zh,422,4,235,47.52,very_long,full_streaming,924.09,834.22,89.87,
crosswoz_12011_turn3,crosswoz,zh,12011,3,224,47.90,very_long,baseline,3828.34,3757.78,70.57,
crosswoz_12011_turn3,crosswoz,zh,12011,3,224,47.90,very_long,streaming_asr_only,725.11,604.61,120.50,
crosswoz_12011_turn3,crosswoz,zh,12011,3,224,47.90,very_long,full_streaming,718.15,602.18,115.98,
crosswoz_2228_turn4,crosswoz,zh,2228,4,232,47.90,very_long,baseline,3521.05,3452.07,68.98,
crosswoz_2228_turn4,crosswoz,zh,2228,4,232,47.90,very_long,streaming_asr_only,1021.17,940.33,80.85,
crosswoz_2228_turn4,crosswoz,zh,2228,4,232,47.90,very_long,full_streaming,967.89,882.93,84.96,
multiwoz_MUL0084_turn5,multiwoz,en,MUL0084,5,634,48.03,very_long,baseline,2937.68,2865.11,72.57,
multiwoz_MUL0084_turn5,multiwoz,en,MUL0084,5,634,48.03,very_long,streaming_asr_only,564.08,456.32,107.76,
multiwoz_MUL0084_turn5,multiwoz,en,MUL0084,5,634,48.03,very_long,full_streaming,549.16,464.09,85.07,
crosswoz_7310_turn4,crosswoz,zh,7310,4,240,48.12,very_long,baseline,3938.44,3869.07,69.38,
crosswoz_7310_turn4,crosswoz,zh,7310,4,240,48.12,very_long,streaming_asr_only,1721.53,1630.80,90.73,
crosswoz_7310_turn4,crosswoz,zh,7310,4,240,48.12,very_long,full_streaming,1710.34,1602.29,108.04,
crosswoz_12315_turn4,crosswoz,zh,12315,4,231,48.23,very_long,baseline,4041.55,3970.03,71.52,
crosswoz_12315_turn4,crosswoz,zh,12315,4,231,48.23,very_long,streaming_asr_only,1148.22,1046.83,101.39,
crosswoz_12315_turn4,crosswoz,zh,12315,4,231,48.23,very_long,full_streaming,1200.87,1117.94,82.93,
multiwoz_PMUL1745_turn5,multiwoz,en,PMUL1745,5,645,48.29,very_long,baseline,3899.03,3819.21,79.82,
multiwoz_PMUL1745_turn5,multiwoz,en,PMUL1745,5,645,48.29,very_long,streaming_asr_only,850.74,753.45,97.29,
multiwoz_PMUL1745_turn5,multiwoz,en,PMUL1745,5,645,48.29,very_long,full_streaming,859.74,776.88,82.86,
crosswoz_11361_turn4,crosswoz,zh,11361,4,240,48.49,very_long,baseline,4002.87,3933.29,69.58,
crosswoz_11361_turn4,crosswoz,zh,11361,4,240,48.49,very_long,streaming_asr_only,835.61,755.31,80.30,
crosswoz_11361_turn4,crosswoz,zh,11361,4,240,48.49,very_long,full_streaming,804.35,720.90,83.44,
multiwoz_MUL2174_turn6,multiwoz,en,MUL2174,6,635,48.51,very_long,baseline,2537.00,2467.95,69.05,
multiwoz_MUL2174_turn6,multiwoz,en,MUL2174,6,635,48.51,very_long,streaming_asr_only,836.36,737.35,99.02,
multiwoz_MUL2174_turn6,multiwoz,en,MUL2174,6,635,48.51,very_long,full_streaming,949.35,866.92,82.43,
crosswoz_8672_turn5,crosswoz,zh,8672,5,257,48.66,very_long,baseline,4026.00,3956.71,69.30,
crosswoz_8672_turn5,crosswoz,zh,8672,5,257,48.66,very_long,streaming_asr_only,1492.22,1401.43,90.80,
crosswoz_8672_turn5,crosswoz,zh,8672,5,257,48.66,very_long,full_streaming,1632.64,1527.06,105.58,
multiwoz_MUL1377_turn3,multiwoz,en,MUL1377,3,573,48.83,very_long,baseline,2840.37,2770.94,69.42,
multiwoz_MUL1377_turn3,multiwoz,en,MUL1377,3,573,48.83,very_long,streaming_asr_only,1140.34,1047.81,92.53,
multiwoz_MUL1377_turn3,multiwoz,en,MUL1377,3,573,48.83,very_long,full_streaming,1135.69,1051.79,83.90,
multiwoz_MUL2157_turn4,multiwoz,en,MUL2157,4,601,48.92,very_long,baseline,3154.87,3085.22,69.65,
multiwoz_MUL2157_turn4,multiwoz,en,MUL2157,4,601,48.92,very_long,streaming_asr_only,1299.09,1202.99,96.10,
multiwoz_MUL2157_turn4,multiwoz,en,MUL2157,4,601,48.92,very_long,full_streaming,1195.11,1111.88,83.23,
multiwoz_MUL0789_turn4,multiwoz,en,MUL0789,4,656,49.20,very_long,baseline,3291.53,3217.55,73.98,
multiwoz_MUL0789_turn4,multiwoz,en,MUL0789,4,656,49.20,very_long,streaming_asr_only,1204.17,1114.13,90.04,
multiwoz_MUL0789_turn4,multiwoz,en,MUL0789,4,656,49.20,very_long,full_streaming,1189.09,1105.29,83.80,
crosswoz_1101_turn4,crosswoz,zh,1101,4,243,49.39,very_long,baseline,3871.31,3788.00,83.32,
crosswoz_1101_turn4,crosswoz,zh,1101,4,243,49.39,very_long,streaming_asr_only,2089.03,2001.15,87.88,
crosswoz_1101_turn4,crosswoz,zh,1101,4,243,49.39,very_long,full_streaming,2129.01,2045.81,83.20,
multiwoz_PMUL3103_turn5,multiwoz,en,PMUL3103,5,655,49.42,very_long,baseline,3048.98,2978.88,70.09,
multiwoz_PMUL3103_turn5,multiwoz,en,PMUL3103,5,655,49.42,very_long,streaming_asr_only,775.72,685.68,90.04,
multiwoz_PMUL3103_turn5,multiwoz,en,PMUL3103,5,655,49.42,very_long,full_streaming,785.64,679.79,105.84,
multiwoz_MUL0666_turn5,multiwoz,en,MUL0666,5,669,49.56,very_long,baseline,3327.98,3249.06,78.92,
multiwoz_MUL0666_turn5,multiwoz,en,MUL0666,5,669,49.56,very_long,streaming_asr_only,4095.94,4014.62,81.32,
multiwoz_MUL0666_turn5,multiwoz,en,MUL0666,5,669,49.56,very_long,full_streaming,6225.42,6087.48,137.95,
crosswoz_11893_turn4,crosswoz,zh,11893,4,241,49.78,very_long,baseline,4049.08,3978.95,70.13,
crosswoz_11893_turn4,crosswoz,zh,11893,4,241,49.78,very_long,streaming_asr_only,1089.20,989.68,99.52,
crosswoz_11893_turn4,crosswoz,zh,11893,4,241,49.78,very_long,full_streaming,1074.80,991.55,83.26,
multiwoz_MUL0193_turn4,multiwoz,en,MUL0193,4,665,49.97,very_long,baseline,3636.63,3564.05,72.58,
multiwoz_MUL0193_turn4,multiwoz,en,MUL0193,4,665,49.97,very_long,streaming_asr_only,1062.30,973.29,89.01,
multiwoz_MUL0193_turn4,multiwoz,en,MUL0193,4,665,49.97,very_long,full_streaming,1028.80,943.20,85.60,
multiwoz_MUL1003_turn5,multiwoz,en,MUL1003,5,663,50.11,very_long,baseline,3606.76,3533.85,72.92,
multiwoz_MUL1003_turn5,multiwoz,en,MUL1003,5,663,50.11,very_long,streaming_asr_only,1043.85,940.56,103.30,
multiwoz_MUL1003_turn5,multiwoz,en,MUL1003,5,663,50.11,very_long,full_streaming,1044.64,961.34,83.30,
multiwoz_MUL0176_turn5,multiwoz,en,MUL0176,5,679,50.14,very_long,baseline,3084.97,3004.80,80.17,
multiwoz_MUL0176_turn5,multiwoz,en,MUL0176,5,679,50.14,very_long,streaming_asr_only,1094.66,995.26,99.40,
multiwoz_MUL0176_turn5,multiwoz,en,MUL0176,5,679,50.14,very_long,full_streaming,1175.29,1088.95,86.34,
multiwoz_MUL1001_turn4,multiwoz,en,MUL1001,4,659,50.23,very_long,baseline,2994.79,2924.53,70.26,
multiwoz_MUL1001_turn4,multiwoz,en,MUL1001,4,659,50.23,very_long,streaming_asr_only,920.09,833.13,86.96,
multiwoz_MUL1001_turn4,multiwoz,en,MUL1001,4,659,50.23,very_long,full_streaming,886.64,802.40,84.25,
multiwoz_MUL1027_turn5,multiwoz,en,MUL1027,5,707,50.26,very_long,baseline,2941.59,2862.39,79.20,
multiwoz_MUL1027_turn5,multiwoz,en,MUL1027,5,707,50.26,very_long,streaming_asr_only,785.06,680.06,105.00,
multiwoz_MUL1027_turn5,multiwoz,en,MUL1027,5,707,50.26,very_long,full_streaming,761.02,672.46,88.55,
crosswoz_9275_turn2,crosswoz,zh,9275,2,239,50.75,very_long,baseline,4574.04,4504.97,69.07,
crosswoz_9275_turn2,crosswoz,zh,9275,2,239,50.75,very_long,streaming_asr_only,677.55,588.34,89.20,
crosswoz_9275_turn2,crosswoz,zh,9275,2,239,50.75,very_long,full_streaming,698.92,614.72,84.20,
crosswoz_7701_turn4,crosswoz,zh,7701,4,245,50.77,very_long,baseline,4623.11,4553.76,69.35,
crosswoz_7701_turn4,crosswoz,zh,7701,4,245,50.77,very_long,streaming_asr_only,847.10,745.80,101.31,
crosswoz_7701_turn4,crosswoz,zh,7701,4,245,50.77,very_long,full_streaming,836.02,755.99,80.03,
crosswoz_10749_turn4,crosswoz,zh,10749,4,257,50.96,very_long,baseline,4142.77,4072.40,70.37,
crosswoz_10749_turn4,crosswoz,zh,10749,4,257,50.96,very_long,streaming_asr_only,2308.68,2214.97,93.71,
crosswoz_10749_turn4,crosswoz,zh,10749,4,257,50.96,very_long,full_streaming,2219.39,2136.57,82.82,
multiwoz_MUL1353_turn4,multiwoz,en,MUL1353,4,692,51.13,very_long,baseline,3414.22,3335.91,78.30,
multiwoz_MUL1353_turn4,multiwoz,en,MUL1353,4,692,51.13,very_long,streaming_asr_only,1063.04,946.10,116.94,
multiwoz_MUL1353_turn4,multiwoz,en,MUL1353,4,692,51.13,very_long,full_streaming,1077.67,993.29,84.38,
multiwoz_MUL1320_turn6,multiwoz,en,MUL1320,6,716,51.27,very_long,baseline,3702.36,3619.65,82.71,
multiwoz_MUL1320_turn6,multiwoz,en,MUL1320,6,716,51.27,very_long,streaming_asr_only,1622.90,1523.02,99.87,
multiwoz_MUL1320_turn6,multiwoz,en,MUL1320,6,716,51.27,very_long,full_streaming,1572.78,1491.24,81.54,
multiwoz_MUL0069_turn5,multiwoz,en,MUL0069,5,704,51.35,very_long,baseline,2800.85,2730.74,70.11,
multiwoz_MUL0069_turn5,multiwoz,en,MUL0069,5,704,51.35,very_long,streaming_asr_only,1040.79,943.40,97.39,
multiwoz_MUL0069_turn5,multiwoz,en,MUL0069,5,704,51.35,very_long,full_streaming,982.11,886.73,95.38,
crosswoz_8796_turn3,crosswoz,zh,8796,3,233,51.55,very_long,baseline,4248.19,4175.78,72.42,
crosswoz_8796_turn3,crosswoz,zh,8796,3,233,51.55,very_long,streaming_asr_only,1212.72,1123.60,89.12,
crosswoz_8796_turn3,crosswoz,zh,8796,3,233,51.55,very_long,full_streaming,1205.45,1123.30,82.15,
crosswoz_9200_turn4,crosswoz,zh,9200,4,239,51.63,very_long,baseline,4140.97,4064.44,76.53,
crosswoz_9200_turn4,crosswoz,zh,9200,4,239,51.63,very_long,streaming_asr_only,869.12,772.36,96.76,
crosswoz_9200_turn4,crosswoz,zh,9200,4,239,51.63,very_long,full_streaming,834.60,753.89,80.71,
crosswoz_9394_turn4,crosswoz,zh,9394,4,231,52.05,very_long,baseline,4025.20,3955.52,69.67,
crosswoz_9394_turn4,crosswoz,zh,9394,4,231,52.05,very_long,streaming_asr_only,772.44,682.80,89.64,
crosswoz_9394_turn4,crosswoz,zh,9394,4,231,52.05,very_long,full_streaming,705.58,624.98,80.60,
crosswoz_11334_turn4,crosswoz,zh,11334,4,251,52.29,very_long,baseline,4346.95,4278.00,68.95,
crosswoz_11334_turn4,crosswoz,zh,11334,4,251,52.29,very_long,streaming_asr_only,1280.10,1183.12,96.98,
crosswoz_11334_turn4,crosswoz,zh,11334,4,251,52.29,very_long,full_streaming,1269.33,1182.77,86.56,
crosswoz_11613_turn6,crosswoz,zh,11613,6,260,52.34,very_long,baseline,4108.33,4030.17,78.16,
crosswoz_11613_turn6,crosswoz,zh,11613,6,260,52.34,very_long,streaming_asr_only,1244.44,1146.34,98.10,
crosswoz_11613_turn6,crosswoz,zh,11613,6,260,52.34,very_long,full_streaming,1289.07,1207.62,81.45,
multiwoz_MUL1215_turn5,multiwoz,en,MUL1215,5,652,52.69,very_long,baseline,3102.14,3023.62,78.52,
multiwoz_MUL1215_turn5,multiwoz,en,MUL1215,5,652,52.69,very_long,streaming_asr_only,1060.56,971.80,88.76,
multiwoz_MUL1215_turn5,multiwoz,en,MUL1215,5,652,52.69,very_long,full_streaming,1059.57,976.83,82.74,
crosswoz_10574_turn5,crosswoz,zh,10574,5,259,52.78,very_long,baseline,4187.28,4109.83,77.45,
crosswoz_10574_turn5,crosswoz,zh,10574,5,259,52.78,very_long,streaming_asr_only,2150.62,2060.44,90.18,
crosswoz_10574_turn5,crosswoz,zh,10574,5,259,52.78,very_long,full_streaming,2183.14,2081.82,101.31,
crosswoz_11248_turn3,crosswoz,zh,11248,3,258,52.97,very_long,baseline,3643.92,3565.46,78.46,
crosswoz_11248_turn3,crosswoz,zh,11248,3,258,52.97,very_long,streaming_asr_only,2050.59,1949.46,101.13,
crosswoz_11248_turn3,crosswoz,zh,11248,3,258,52.97,very_long,full_streaming,2127.18,2044.87,82.31,
multiwoz_MUL0711_turn5,multiwoz,en,MUL0711,5,687,53.09,very_long,baseline,3082.98,3003.25,79.73,
multiwoz_MUL0711_turn5,multiwoz,en,MUL0711,5,687,53.09,very_long,streaming_asr_only,821.22,724.51,96.72,
multiwoz_MUL0711_turn5,multiwoz,en,MUL0711,5,687,53.09,very_long,full_streaming,923.80,838.13,85.66,
crosswoz_8202_turn4,crosswoz,zh,8202,4,254,53.14,very_long,baseline,4061.72,3993.68,68.04,
crosswoz_8202_turn4,crosswoz,zh,8202,4,254,53.14,very_long,streaming_asr_only,753.39,656.48,96.91,
crosswoz_8202_turn4,crosswoz,zh,8202,4,254,53.14,very_long,full_streaming,701.75,618.20,83.55,
crosswoz_3145_turn4,crosswoz,zh,3145,4,247,53.21,very_long,baseline,4126.04,4053.68,72.36,
crosswoz_3145_turn4,crosswoz,zh,3145,4,247,53.21,very_long,streaming_asr_only,1307.73,1204.23,103.50,
crosswoz_3145_turn4,crosswoz,zh,3145,4,247,53.21,very_long,full_streaming,1340.12,1258.92,81.20,
crosswoz_7196_turn4,crosswoz,zh,7196,4,253,53.22,very_long,baseline,3935.77,3865.65,70.12,
crosswoz_7196_turn4,crosswoz,zh,7196,4,253,53.22,very_long,streaming_asr_only,1435.67,1334.56,101.11,
crosswoz_7196_turn4,crosswoz,zh,7196,4,253,53.22,very_long,full_streaming,1425.24,1342.88,82.37,
multiwoz_PMUL2936_turn5,multiwoz,en,PMUL2936,5,708,53.26,very_long,baseline,2799.14,2730.00,69.13,
multiwoz_PMUL2936_turn5,multiwoz,en,PMUL2936,5,708,53.26,very_long,streaming_asr_only,869.40,772.65,96.75,
multiwoz_PMUL2936_turn5,multiwoz,en,PMUL2936,5,708,53.26,very_long,full_streaming,873.11,790.22,82.88,
multiwoz_MUL2018_turn5,multiwoz,en,MUL2018,5,648,53.27,very_long,baseline,3894.08,3813.83,80.25,
multiwoz_MUL2018_turn5,multiwoz,en,MUL2018,5,648,53.27,very_long,streaming_asr_only,740.60,650.43,90.17,
multiwoz_MUL2018_turn5,multiwoz,en,MUL2018,5,648,53.27,very_long,full_streaming,745.60,662.68,82.92,
crosswoz_7652_turn3,crosswoz,zh,7652,3,261,53.35,very_long,baseline,4182.72,4105.07,77.65,
crosswoz_7652_turn3,crosswoz,zh,7652,3,261,53.35,very_long,streaming_asr_only,1160.06,1063.19,96.88,
crosswoz_7652_turn3,crosswoz,zh,7652,3,261,53.35,very_long,full_streaming,1123.74,1042.69,81.05,
crosswoz_9577_turn4,crosswoz,zh,9577,4,254,53.42,very_long,baseline,5022.05,4952.59,69.46,
crosswoz_9577_turn4,crosswoz,zh,9577,4,254,53.42,very_long,streaming_asr_only,878.85,767.41,111.44,
crosswoz_9577_turn4,crosswoz,zh,9577,4,254,53.42,very_long,full_streaming,857.76,776.69,81.08,
multiwoz_MUL0641_turn4,multiwoz,en,MUL0641,4,692,53.50,very_long,baseline,2857.21,2787.26,69.95,
multiwoz_MUL0641_turn4,multiwoz,en,MUL0641,4,692,53.50,very_long,streaming_asr_only,1280.94,1155.16,125.78,
multiwoz_MUL0641_turn4,multiwoz,en,MUL0641,4,692,53.50,very_long,full_streaming,1274.29,1188.58,85.71,
multiwoz_MUL0874_turn5,multiwoz,en,MUL0874,5,703,53.55,very_long,baseline,3514.92,3434.44,80.48,
multiwoz_MUL0874_turn5,multiwoz,en,MUL0874,5,703,53.55,very_long,streaming_asr_only,890.61,800.74,89.87,
multiwoz_MUL0874_turn5,multiwoz,en,MUL0874,5,703,53.55,very_long,full_streaming,884.43,803.58,80.85,
multiwoz_MUL1459_turn5,multiwoz,en,MUL1459,5,691,53.58,very_long,baseline,3181.45,3101.69,79.76,
multiwoz_MUL1459_turn5,multiwoz,en,MUL1459,5,691,53.58,very_long,streaming_asr_only,791.95,695.29,96.66,
multiwoz_MUL1459_turn5,multiwoz,en,MUL1459,5,691,53.58,very_long,full_streaming,786.34,704.40,81.94,
multiwoz_MUL1031_turn5,multiwoz,en,MUL1031,5,749,53.82,very_long,baseline,3192.02,3114.60,77.43,
multiwoz_MUL1031_turn5,multiwoz,en,MUL1031,5,749,53.82,very_long,streaming_asr_only,914.20,816.48,97.72,
multiwoz_MUL1031_turn5,multiwoz,en,MUL1031,5,749,53.82,very_long,full_streaming,687.71,606.15,81.56,
multiwoz_PMUL2590_turn6,multiwoz,en,PMUL2590,6,791,53.84,very_long,baseline,3453.61,3375.84,77.77,
multiwoz_PMUL2590_turn6,multiwoz,en,PMUL2590,6,791,53.84,very_long,streaming_asr_only,1451.50,1352.70,98.80,
multiwoz_PMUL2590_turn6,multiwoz,en,PMUL2590,6,791,53.84,very_long,full_streaming,1399.30,1316.12,83.18,
crosswoz_12011_turn4,crosswoz,zh,12011,4,263,53.96,very_long,baseline,4370.84,4291.52,79.32,
crosswoz_12011_turn4,crosswoz,zh,12011,4,263,53.96,very_long,streaming_asr_only,773.96,677.62,96.34,
crosswoz_12011_turn4,crosswoz,zh,12011,4,263,53.96,very_long,full_streaming,758.67,676.99,81.68,
multiwoz_MUL1152_turn5,multiwoz,en,MUL1152,5,762,54.13,very_long,baseline,3308.85,3230.74,78.11,
multiwoz_MUL1152_turn5,multiwoz,en,MUL1152,5,762,54.13,very_long,streaming_asr_only,1116.12,1018.68,97.44,
multiwoz_MUL1152_turn5,multiwoz,en,MUL1152,5,762,54.13,very_long,full_streaming,1096.15,1009.00,87.15,
crosswoz_10197_turn4,crosswoz,zh,10197,4,260,54.39,very_long,baseline,4293.00,4213.74,79.25,
crosswoz_10197_turn4,crosswoz,zh,10197,4,260,54.39,very_long,streaming_asr_only,1087.43,998.29,89.14,
crosswoz_10197_turn4,crosswoz,zh,10197,4,260,54.39,very_long,full_streaming,1270.80,1190.35,80.45,
crosswoz_9956_turn7,crosswoz,zh,9956,7,274,54.51,very_long,baseline,4027.34,3949.34,78.00,
crosswoz_9956_turn7,crosswoz,zh,9956,7,274,54.51,very_long,streaming_asr_only,1182.34,1066.14,116.20,
crosswoz_9956_turn7,crosswoz,zh,9956,7,274,54.51,very_long,full_streaming,1317.20,1235.25,81.95,
multiwoz_PMUL0085_turn5,multiwoz,en,PMUL0085,5,750,55.18,very_long,baseline,3620.70,3540.68,80.02,
multiwoz_PMUL0085_turn5,multiwoz,en,PMUL0085,5,750,55.18,very_long,streaming_asr_only,899.71,801.12,98.60,
multiwoz_PMUL0085_turn5,multiwoz,en,PMUL0085,5,750,55.18,very_long,full_streaming,842.68,759.55,83.13,
multiwoz_PMUL3103_turn6,multiwoz,en,PMUL3103,6,765,55.24,very_long,baseline,3198.36,3119.43,78.93,
multiwoz_PMUL3103_turn6,multiwoz,en,PMUL3103,6,765,55.24,very_long,streaming_asr_only,1258.15,1164.45,93.70,
multiwoz_PMUL3103_turn6,multiwoz,en,PMUL3103,6,765,55.24,very_long,full_streaming,1289.28,1199.59,89.69,
multiwoz_MUL1001_turn5,multiwoz,en,MUL1001,5,747,55.43,very_long,baseline,3517.44,3439.34,78.10,
multiwoz_MUL1001_turn5,multiwoz,en,MUL1001,5,747,55.43,very_long,streaming_asr_only,861.30,757.03,104.27,
multiwoz_MUL1001_turn5,multiwoz,en,MUL1001,5,747,55.43,very_long,full_streaming,734.95,654.73,80.22,
multiwoz_MUL1332_turn6,multiwoz,en,MUL1332,6,680,55.63,very_long,baseline,3368.86,3289.89,78.97,
multiwoz_MUL1332_turn6,multiwoz,en,MUL1332,6,680,55.63,very_long,streaming_asr_only,1011.91,913.35,98.56,
multiwoz_MUL1332_turn6,multiwoz,en,MUL1332,6,680,55.63,very_long,full_streaming,1001.31,920.39,80.91,
multiwoz_PMUL2319_turn4,multiwoz,en,PMUL2319,4,738,55.87,very_long,baseline,3495.07,3417.23,77.84,
multiwoz_PMUL2319_turn4,multiwoz,en,PMUL2319,4,738,55.87,very_long,streaming_asr_only,1172.99,1058.81,114.18,
multiwoz_PMUL2319_turn4,multiwoz,en,PMUL2319,4,738,55.87,very_long,full_streaming,1234.09,1149.83,84.25,
multiwoz_PMUL3103_turn7,multiwoz,en,PMUL3103,7,898,55.87,very_long,baseline,3320.66,3242.49,78.17,
multiwoz_PMUL3103_turn7,multiwoz,en,PMUL3103,7,898,55.87,very_long,streaming_asr_only,709.03,611.61,97.42,
multiwoz_PMUL3103_turn7,multiwoz,en,PMUL3103,7,898,55.87,very_long,full_streaming,662.33,580.13,82.20,
multiwoz_MUL0076_turn5,multiwoz,en,MUL0076,5,752,55.89,very_long,baseline,3376.66,3298.22,78.44,
multiwoz_MUL0076_turn5,multiwoz,en,MUL0076,5,752,55.89,very_long,streaming_asr_only,1024.80,912.61,112.19,
multiwoz_MUL0076_turn5,multiwoz,en,MUL0076,5,752,55.89,very_long,full_streaming,990.79,908.22,82.57,
multiwoz_PMUL4499_turn5,multiwoz,en,PMUL4499,5,749,56.11,very_long,baseline,3382.73,3304.39,78.34,
multiwoz_PMUL4499_turn5,multiwoz,en,PMUL4499,5,749,56.11,very_long,streaming_asr_only,975.27,870.21,105.06,
multiwoz_PMUL4499_turn5,multiwoz,en,PMUL4499,5,749,56.11,very_long,full_streaming,964.21,881.96,82.25,
multiwoz_PMUL0322_turn6,multiwoz,en,PMUL0322,6,713,56.25,very_long,baseline,3296.23,3217.11,79.12,
multiwoz_PMUL0322_turn6,multiwoz,en,PMUL0322,6,713,56.25,very_long,streaming_asr_only,1184.00,1071.11,112.88,
multiwoz_PMUL0322_turn6,multiwoz,en,PMUL0322,6,713,56.25,very_long,full_streaming,1327.32,1237.35,89.97,
crosswoz_10040_turn4,crosswoz,zh,10040,4,264,56.44,very_long,baseline,5041.35,4962.53,78.82,
crosswoz_10040_turn4,crosswoz,zh,10040,4,264,56.44,very_long,streaming_asr_only,1385.29,1287.23,98.06,
crosswoz_10040_turn4,crosswoz,zh,10040,4,264,56.44,very_long,full_streaming,1392.12,1309.05,83.07,
crosswoz_8436_turn4,crosswoz,zh,8436,4,271,56.62,very_long,baseline,4324.86,4254.86,69.99,
crosswoz_8436_turn4,crosswoz,zh,8436,4,271,56.62,very_long,streaming_asr_only,779.86,691.10,88.76,
crosswoz_8436_turn4,crosswoz,zh,8436,4,271,56.62,very_long,full_streaming,774.20,693.03,81.17,
multiwoz_MUL2174_turn7,multiwoz,en,MUL2174,7,720,56.72,very_long,baseline,3272.62,3193.21,79.41,
multiwoz_MUL2174_turn7,multiwoz,en,MUL2174,7,720,56.72,very_long,streaming_asr_only,1201.18,1101.14,100.04,
multiwoz_MUL2174_turn7,multiwoz,en,MUL2174,7,720,56.72,very_long,full_streaming,1169.32,1083.83,85.49,
multiwoz_PMUL1904_turn6,multiwoz,en,PMUL1904,6,724,56.74,very_long,baseline,3739.42,3660.56,78.85,
multiwoz_PMUL1904_turn6,multiwoz,en,PMUL1904,6,724,56.74,very_long,streaming_asr_only,1234.46,1134.49,99.98,
multiwoz_PMUL1904_turn6,multiwoz,en,PMUL1904,6,724,56.74,very_long,full_streaming,1231.69,1148.61,83.08,
multiwoz_PMUL0237_turn6,multiwoz,en,PMUL0237,6,724,57.09,very_long,baseline,3207.96,3129.80,78.16,
multiwoz_PMUL0237_turn6,multiwoz,en,PMUL0237,6,724,57.09,very_long,streaming_asr_only,778.41,665.93,112.48,
multiwoz_PMUL0237_turn6,multiwoz,en,PMUL0237,6,724,57.09,very_long,full_streaming,742.19,662.66,79.53,
crosswoz_98_turn3,crosswoz,zh,98,3,248,57.17,very_long,baseline,4522.64,4444.11,78.53,
crosswoz_98_turn3,crosswoz,zh,98,3,248,57.17,very_long,streaming_asr_only,934.09,792.94,141.15,
crosswoz_98_turn3,crosswoz,zh,98,3,248,57.17,very_long,full_streaming,883.21,779.68,103.53,
crosswoz_12299_turn4,crosswoz,zh,12299,4,273,57.30,very_long,baseline,4343.86,4267.17,76.69,
crosswoz_12299_turn4,crosswoz,zh,12299,4,273,57.30,very_long,streaming_asr_only,1037.93,923.17,114.76,
crosswoz_12299_turn4,crosswoz,zh,12299,4,273,57.30,very_long,full_streaming,1003.16,916.74,86.42,
crosswoz_9173_turn4,crosswoz,zh,9173,4,281,57.32,very_long,baseline,4598.76,4520.83,77.93,
crosswoz_9173_turn4,crosswoz,zh,9173,4,281,57.32,very_long,streaming_asr_only,1038.96,927.03,111.93,
crosswoz_9173_turn4,crosswoz,zh,9173,4,281,57.32,very_long,full_streaming,1191.97,1110.68,81.29,
multiwoz_PMUL1745_turn6,multiwoz,en,PMUL1745,6,766,57.34,very_long,baseline,4231.01,4143.80,87.21,
multiwoz_PMUL1745_turn6,multiwoz,en,PMUL1745,6,766,57.34,very_long,streaming_asr_only,1036.78,915.26,121.52,
multiwoz_PMUL1745_turn6,multiwoz,en,PMUL1745,6,766,57.34,very_long,full_streaming,1009.27,924.40,84.86,
crosswoz_12298_turn4,crosswoz,zh,12298,4,271,57.38,very_long,baseline,4598.66,4518.87,79.78,
crosswoz_12298_turn4,crosswoz,zh,12298,4,271,57.38,very_long,streaming_asr_only,901.22,786.48,114.74,
crosswoz_12298_turn4,crosswoz,zh,12298,4,271,57.38,very_long,full_streaming,879.52,791.33,88.20,
crosswoz_11730_turn4,crosswoz,zh,11730,4,298,57.49,very_long,baseline,5988.96,5908.14,80.82,
crosswoz_11730_turn4,crosswoz,zh,11730,4,298,57.49,very_long,streaming_asr_only,1610.50,1511.13,99.37,
crosswoz_11730_turn4,crosswoz,zh,11730,4,298,57.49,very_long,full_streaming,1681.61,1595.08,86.53,
multiwoz_MUL0183_turn5,multiwoz,en,MUL0183,5,832,57.67,very_long,baseline,3657.78,3579.07,78.71,
multiwoz_MUL0183_turn5,multiwoz,en,MUL0183,5,832,57.67,very_long,streaming_asr_only,929.14,827.79,101.35,
multiwoz_MUL0183_turn5,multiwoz,en,MUL0183,5,832,57.67,very_long,full_streaming,892.82,807.52,85.29,
crosswoz_11406_turn5,crosswoz,zh,11406,5,286,57.73,very_long,baseline,4875.15,4797.08,78.07,
crosswoz_11406_turn5,crosswoz,zh,11406,5,286,57.73,very_long,streaming_asr_only,962.79,866.17,96.62,
crosswoz_11406_turn5,crosswoz,zh,11406,5,286,57.73,very_long,full_streaming,830.42,747.40,83.02,
crosswoz_9080_turn4,crosswoz,zh,9080,4,282,57.75,very_long,baseline,4804.93,4722.54,82.39,
crosswoz_9080_turn4,crosswoz,zh,9080,4,282,57.75,very_long,streaming_asr_only,1413.43,1324.87,88.56,
crosswoz_9080_turn4,crosswoz,zh,9080,4,282,57.75,very_long,full_streaming,1303.52,1220.76,82.76,
multiwoz_PMUL4254_turn5,multiwoz,en,PMUL4254,5,696,57.88,very_long,baseline,3617.24,3537.70,79.54,
multiwoz_PMUL4254_turn5,multiwoz,en,PMUL4254,5,696,57.88,very_long,streaming_asr_only,825.65,714.31,111.34,
multiwoz_PMUL4254_turn5,multiwoz,en,PMUL4254,5,696,57.88,very_long,full_streaming,796.09,701.71,94.38,
crosswoz_10661_turn5,crosswoz,zh,10661,5,282,57.95,very_long,baseline,4815.17,4737.39,77.78,
crosswoz_10661_turn5,crosswoz,zh,10661,5,282,57.95,very_long,streaming_asr_only,1130.05,1030.36,99.69,
crosswoz_10661_turn5,crosswoz,zh,10661,5,282,57.95,very_long,full_streaming,1136.97,1052.95,84.02,
crosswoz_11735_turn4,crosswoz,zh,11735,4,266,58.14,very_long,baseline,5709.46,5640.23,69.22,
crosswoz_11735_turn4,crosswoz,zh,11735,4,266,58.14,very_long,streaming_asr_only,1645.39,1544.36,101.03,
crosswoz_11735_turn4,crosswoz,zh,11735,4,266,58.14,very_long,full_streaming,1649.75,1567.72,82.03,
multiwoz_MUL0023_turn5,multiwoz,en,MUL0023,5,745,58.55,very_long,baseline,3503.81,3424.26,79.56,
multiwoz_MUL0023_turn5,multiwoz,en,MUL0023,5,745,58.55,very_long,streaming_asr_only,1328.62,1215.85,112.77,
multiwoz_MUL0023_turn5,multiwoz,en,MUL0023,5,745,58.55,very_long,full_streaming,1264.83,1179.09,85.74,
multiwoz_MUL1191_turn5,multiwoz,en,MUL1191,5,777,58.71,very_long,baseline,3843.24,3762.04,81.20,
multiwoz_MUL1191_turn5,multiwoz,en,MUL1191,5,777,58.71,very_long,streaming_asr_only,963.50,859.37,104.13,
multiwoz_MUL1191_turn5,multiwoz,en,MUL1191,5,777,58.71,very_long,full_streaming,911.63,826.51,85.13,
multiwoz_PMUL2175_turn7,multiwoz,en,PMUL2175,7,762,58.89,very_long,baseline,3529.16,3441.22,87.94,
multiwoz_PMUL2175_turn7,multiwoz,en,PMUL2175,7,762,58.89,very_long,streaming_asr_only,1350.44,1252.35,98.09,
multiwoz_PMUL2175_turn7,multiwoz,en,PMUL2175,7,762,58.89,very_long,full_streaming,1343.64,1260.30,83.34,
crosswoz_497_turn6,crosswoz,zh,497,6,279,59.06,very_long,baseline,4852.59,4782.36,70.23,
crosswoz_497_turn6,crosswoz,zh,497,6,279,59.06,very_long,streaming_asr_only,764.54,665.86,98.68,
crosswoz_497_turn6,crosswoz,zh,497,6,279,59.06,very_long,full_streaming,758.71,676.22,82.49,
crosswoz_8672_turn6,crosswoz,zh,8672,6,299,59.12,very_long,baseline,4767.09,4688.21,78.88,
crosswoz_8672_turn6,crosswoz,zh,8672,6,299,59.12,very_long,streaming_asr_only,1091.23,987.69,103.54,
crosswoz_8672_turn6,crosswoz,zh,8672,6,299,59.12,very_long,full_streaming,1046.51,961.33,85.18,
crosswoz_9275_turn3,crosswoz,zh,9275,3,278,59.13,very_long,baseline,5217.29,5148.24,69.05,
crosswoz_9275_turn3,crosswoz,zh,9275,3,278,59.13,very_long,streaming_asr_only,1086.21,996.91,89.30,
crosswoz_9275_turn3,crosswoz,zh,9275,3,278,59.13,very_long,full_streaming,1075.12,986.84,88.27,
crosswoz_9033_turn5,crosswoz,zh,9033,5,284,59.28,very_long,baseline,4793.77,4715.16,78.61,
crosswoz_9033_turn5,crosswoz,zh,9033,5,284,59.28,very_long,streaming_asr_only,1869.89,1773.25,96.64,
crosswoz_9033_turn5,crosswoz,zh,9033,5,284,59.28,very_long,full_streaming,1876.90,1767.53,109.37,
crosswoz_10331_turn4,crosswoz,zh,10331,4,299,59.61,very_long,baseline,4926.78,4848.15,78.64,
crosswoz_10331_turn4,crosswoz,zh,10331,4,299,59.61,very_long,streaming_asr_only,1090.76,993.47,97.29,
crosswoz_10331_turn4,crosswoz,zh,10331,4,299,59.61,very_long,full_streaming,1048.41,963.49,84.93,
multiwoz_PMUL4031_turn5,multiwoz,en,PMUL4031,5,803,59.73,very_long,baseline,3666.77,3587.50,79.27,
multiwoz_PMUL4031_turn5,multiwoz,en,PMUL4031,5,803,59.73,very_long,streaming_asr_only,751.59,638.43,113.16,
multiwoz_PMUL4031_turn5,multiwoz,en,PMUL4031,5,803,59.73,very_long,full_streaming,732.40,643.55,88.84,
multiwoz_PMUL2590_turn7,multiwoz,en,PMUL2590,7,1029,59.77,very_long,baseline,3889.38,3801.95,87.43,
multiwoz_PMUL2590_turn7,multiwoz,en,PMUL2590,7,1029,59.77,very_long,streaming_asr_only,984.58,886.02,98.56,
multiwoz_PMUL2590_turn7,multiwoz,en,PMUL2590,7,1029,59.77,very_long,full_streaming,1010.39,926.86,83.54,
multiwoz_MUL2018_turn6,multiwoz,en,MUL2018,6,764,59.91,very_long,baseline,3886.90,3799.23,87.67,
multiwoz_MUL2018_turn6,multiwoz,en,MUL2018,6,764,59.91,very_long,streaming_asr_only,1149.19,1041.86,107.34,
multiwoz_MUL2018_turn6,multiwoz,en,MUL2018,6,764,59.91,very_long,full_streaming,1084.11,1000.18,83.93,
